순번,출원번호
1,1020247034158
2,1020240012429
3,1020237027372
4,1020240008681
5,1020237038972
6,1020247022272
7,1020240000120
8,1020230112588
9,1020210031067
10,1020230107629
11,1020220177568
12,1020257009213
13,1020230123703
14,1020257021211
15,1020217041568
16,1020230054125
17,1020257012221
18,1020257008345
19,1020237041595
20,1020217040810
21,1020220113998
22,1020220004718
23,1020240201336
24,1020227045844
25,1020240050178
26,1020230020514
27,1020230155140
28,1020230161856
29,1020257024391
30,1020257008020
31,1020257023018
32,1020257023334
33,1020257016574
34,1020257003053
35,1020247037312
36,1020227025051
37,1020247012239
38,1020257001429
39,1020240012749
40,1020240012756
41,1020220092029
42,1020230163014
43,1020250079411
44,1020230164362
45,1020220089474
46,1020230152722
47,1020230141862
48,1020240078785
49,1020240193923
50,1020230065181
51,1020247023704
52,1020257025426
53,1020257006522
54,1020237030454
55,1020257023622
56,1020257019149
57,1020230062109
58,1020247011829
59,1020230112603
60,1020230117774
61,1020230079386
62,1020250137822
63,1020240042450
64,1020220004167
65,1020230112069
66,1020257014221
67,1020230174875
68,1020240146660
69,1020230048487
70,1020230197836
71,1020240059256
72,1020230105762
73,1020257014974
74,1020230170849
75,1020237012252
76,1020230173271
77,1020227042262
78,1020240049768
79,1020210106857
80,1020230177976
81,1020230097833
82,1020240067397
83,1020230018476
84,1020257007646
85,1020237015403
86,1020230054036
87,1020197034745
88,1020257010939
89,1020247027139
90,1020240053797
91,1020257024468
92,1020220075665
93,1020240096918
94,1020240167382
95,1020230138424
96,1020230002728
97,1020240126417
98,1020230018478
99,1020220007661
100,1020220071355
101,1020230071466
102,1020240040183
103,1020230002493
104,1020240002778
105,1020240104123
106,1020237031643
107,1020237025679
108,1020240034466
109,1020240035228
110,1020237038607
111,1020230024563
112,1020217032708
113,1020247033859
114,1020240031866
115,1020230055486
116,1020250064660
117,1020230147882
118,1020230011995
119,1020220170759
120,1020230162076
121,1020250018994
122,1020230140989
123,1020220094931
124,1020230115272
125,1020210147352
126,1020210180325
127,1020220064600
128,1020210147338
129,1020240164649
130,1020230138078
131,1020250014416
132,1020250030577
133,1020220188260
134,1020230116805
135,1020227006752
136,1020257000756
137,1020240189484
138,1020230071464
139,1020230071465
140,1020220179122
141,1020210083688
142,1020200051439
143,1020220184864
144,1020257035464
145,1020237008886
146,1020207036092
147,1020230023601
148,1020230102532
149,1020257018749
150,1020227011227
151,1020230192562
152,1020220152139
153,1020230165393
154,1020257017136
155,1020230024321
156,1020210112962
157,1020247043417
158,1020247015915
159,1020210113561
160,1020247015917
161,1020247015916
162,1020200078799
163,1020247015918
164,1020237002221
165,1020237008484
166,1020237008099
167,1020257028772
168,1020257028781
169,1020237003491
170,1020257029147
171,1020257028787
172,1020237024551
173,1020257036077
174,1020257015877
175,1020250043472
176,1020240066297
177,1020210165434
178,1020237015768
179,1020237034560
180,1020257028809
181,1020227026619
182,1020200111535
183,1020237022475
184,1020200069493
185,1020200008893
186,1020257031242
187,1020220033689
188,1020237035178
189,1020217036971
190,1020227037557
191,1020227031146
192,1020237043300
193,1020257029620
194,1020257016970
195,1020247042600
196,1020257010251
197,1020257028425
198,1020257006027
199,1020257016254
200,1020257005456
201,1020257003996
202,1020257005245
203,1020247043528
204,1020247040314
205,1020257007663
206,1020247009240
207,1020247008680
208,1020247023456
209,1020247024538
210,1020247012781
211,1020247025104
212,1020247001617
213,1020247011524
214,1020237043907
215,1020237030391
216,1020237027097
217,1020237042385
218,1020237039572
219,1020227036600
220,1020237011762
221,1020227032261
222,1020227032338
223,1020227033915
224,1020227038763
225,1020220090170
226,1020220090858
227,1020217040637
228,1020217021771
229,1020217041492
230,1020217015428
231,1020257015629
232,1020257007839
233,1020240031315
234,1020220033313
235,1020200044088
236,1020217025893
237,1020257001328
238,1020257026933
239,1020227029545
240,1020200095127
241,1020240005875
242,1020200009232
243,1020250076074
244,1020230133133
245,1020250002658
246,1020257020325
247,1020230050301
248,1020200095452
249,1020250053528
250,1020230146387
251,1020230124558
252,1020240050916
253,1020240031354
254,1020240119066
255,1020240115577
256,1020247029755
257,1020230028350
258,1020237024658
259,1020257000517
260,1020227029824
261,1020257009109
262,1020247024773
263,1020237016612
264,1020237025827
265,1020257009425
266,1020257007252
267,1020227046092
268,1020240139553
269,1020240042182
270,1020250036492
271,1020257021110
272,1020247025834
273,1020237044792
274,1020257028223
275,1020240001171
276,1020230058283
277,1020247035750
278,1020257022665
279,1020257021396
280,1020230139238
281,1020220180781
282,1020230065961
283,1020230053651
284,1020230050381
285,1020230039851
286,1020230046718
287,1020230058856
288,1020230035506
289,1020230043847
290,1020230056799
291,1020227008481
292,1020237001053
293,1020247021182
294,1020257016478
295,1020247023816
296,1020257007540
297,1020247013117
298,1020237042790
299,1020227004111
300,1020257009789
301,1020247021183
302,1020227023815
303,1020257026947
304,1020257025905
305,1020227021672
306,1020257013639
307,1020237033000
308,1020237012483
309,1020220168851
310,1020227011422
311,1020227008386
312,1020220148046
313,1020217032014
314,1020247031609
315,1020257009376
316,1020237034002
317,1020247042353
318,1020257012712
319,1020217005135
320,1020257016402
321,1020230160573
322,1020240016520
323,1020227010952
324,1020247026176
325,1020247039802
326,1020237012296
327,1020257025511
328,1020247011465
329,1020237023209
330,1020247013965
331,1020217041098
332,1020227039892
333,1020230055039
334,1020230060655
335,1020237037401
336,1020257007760
337,1020247026171
338,1020247022449
339,1020250054552
340,1020230131195
341,1020227024786
342,1020240071111
343,1020247003524
344,1020257008096
345,1020247043277
346,1020257003715
347,1020257008502
348,1020247037382
349,1020247009674
350,1020237040866
351,1020237014457
352,1020237017718
353,1020227026311
354,1020230026352
355,1020227016158
356,1020247043199
357,1020207037419
358,1020257029308
359,1020257026922
360,1020237029180
361,1020247011421
362,1020230022191
363,1020247034822
364,1020210030895
365,1020247038970
366,1020240022202
367,1020210102835
368,1020247037278
369,1020240059583
370,1020237025964
371,1020220147720
372,1020190095703
373,1020220174724
374,1020230061394
375,1020210029150
376,1020230135367
377,1020237002348
378,1020230011027
379,1020237003479
380,1020230063492
381,1020220191138
382,1020247004967
383,1020237029719
384,1020200133081
385,1020230103570
386,1020237003007
387,1020250136206
388,1020257033823
389,1020230076891
390,1020237042404
391,1020220142957
392,1020220140344
393,1020230116409
394,1020247011717
395,1020257010126
396,1020220186856
397,1020247009520
398,1020240029261
399,1020240149988
400,1020227017118
401,1020207027725
402,1020227017463
403,1020250037780
404,1020257029485
405,1020257032042
406,1020230113493
407,1020247012930
408,1020220148752
409,1020220092566
410,1020210191649
411,1020240068795
412,1020240000575
413,1020257008532
414,1020237003264
415,1020220124705
416,1020230101864
417,1020237000421
418,1020220062944
419,1020257025170
420,1020257023520
421,1020257020460
422,1020257017030
423,1020257011040
424,1020257022961
425,1020210154793
426,1020257001990
427,1020257001030
428,1020257021448
429,1020257011026
430,1020257003997
431,1020257014334
432,1020257016735
433,1020257012455
434,1020257011235
435,1020247037707
436,1020247037057
437,1020257008195
438,1020257006595
439,1020247039496
440,1020257008562
441,1020247042924
442,1020257013103
443,1020247027677
444,1020247025831
445,1020247025707
446,1020257009053
447,1020247035984
448,1020247026786
449,1020247038492
450,1020247015767
451,1020247040433
452,1020247039503
453,1020247039333
454,1020247023115
455,1020247011776
456,1020237042890
457,1020247001921
458,1020247018115
459,1020237037320
460,1020247010155
461,1020247002968
462,1020247008055
463,1020247007942
464,1020237042375
465,1020237026017
466,1020237026198
467,1020237024594
468,1020237024505
469,1020237011046
470,1020237033833
471,1020237014048
472,1020237018895
473,1020237020582
474,1020230159981
475,1020237013655
476,1020237001084
477,1020227040891
478,1020227039661
479,1020227038447
480,1020227036807
481,1020227034337
482,1020227032021
483,1020237002353
484,1020227039858
485,1020227036498
486,1020227025738
487,1020227017608
488,1020217028160
489,1020217042561
490,1020217014710
491,1020217022142
492,1020210045082
493,1020257028069
494,1020257012139
495,1020237026009
496,1020237013569
497,1020227026229
498,1020220064689
499,1020230135365
500,1020230112539
501,1020240028003
502,1020220149683
503,1020210041811
504,1020257029141
505,1020240056058
506,1020220113299
507,1020240029500
508,1020200024173
509,1020257027868
510,1020200011949
511,1020240000411
512,1020220054222
513,1020220171516
514,1020247033823
515,1020200039923
516,1020240123197
517,1020210019206
518,1020230035929
519,1020257025477
520,1020210073520
521,1020250011505
522,1020220134122
523,1020230032458
524,1020230147775
525,1020190145572
526,1020250096543
527,1020210028338
528,1020250004722
529,1020240085061
530,1020220081701
531,1020240001077
532,1020220069190
533,1020250082698
534,1020240193710
535,1020230187252
536,1020247040976
537,1020220081597
538,1020257019393
539,1020230176340
540,1020230125280
541,1020257016508
542,1020230153824
543,1020230153028
544,1020257013356
545,1020257012617
546,1020230138421
547,1020230138422
548,1020230138558
549,1020230138423
550,1020257010913
551,1020210085705
552,1020257010177
553,1020230116552
554,1020240039047
555,1020230126430
556,1020230039822
557,1020220016681
558,1020210044655
559,1020220024676
560,1020200143653
561,1020257007309
562,1020220016184
563,1020220053641
564,1020210003408
565,1020257003799
566,1020250015383
567,1020210184739
568,1020230127047
569,1020230105657
570,1020230106932
571,1020240184698
572,1020240077935
573,1020230136741
574,1020240029265
575,1020230076447
576,1020247035131
577,1020210169220
578,1020230121072
579,1020240072554
580,1020230004123
581,1020220177811
582,1020220170105
583,1020220190942
584,1020220162577
585,1020257030099
586,1020237013175
587,1020250054800
588,1020257025752
589,1020257002911
590,1020247011391
591,1020237043701
592,1020237040636
593,1020250061546
594,1020230113981
595,1020230021625
596,1020237018644
597,1020247026127
598,1020247023087
599,1020227008801
600,1020227008810
601,1020237041761
602,1020257035525
603,1020230121722
604,1020217006105
605,1020230022181
606,1020217038013
607,1020220144809
608,1020247038901
609,1020247016576
610,1020247015476
611,1020240035391
612,1020240019814
613,1020237041703
614,1020230032253
615,1020227044053
616,1020220016203
617,1020200065191
618,1020230018636
619,1020257024200
620,1020210064235
621,1020240076026
622,1020240158373
623,1020247035893
624,1020230103181
625,1020257029820
626,1020227010928
627,1020237020033
628,1020237039974
629,1020230188603
630,1020257015721
631,1020257005551
632,1020247000990
633,1020247004016
634,1020237042805
635,1020237017681
636,1020227038324
637,1020257027000
638,1020240064841
639,1020240003708
640,1020257017428
641,1020230161316
642,1020240143706
643,1020240157012
644,1020220153426
645,1020220070273
646,1020230117045
647,1020230163848
648,1020240019246
649,1020230153732
650,1020230160668
651,1020220161285
652,1020230037511
653,1020257029138
654,1020257029145
655,1020257028955
656,1020220074702
657,1020220166618
658,1020257028896
659,1020257028067
660,1020257028904
661,1020257028784
662,1020237035224
663,1020230030574
664,1020257028623
665,1020220049991
666,1020230124805
667,1020220067548
668,1020200151875
669,1020230096267
670,1020200151806
671,1020220148977
672,1020237012823
673,1020200151787
674,1020200151794
675,1020190166004
676,1020220051172
677,1020217017038
678,1020237025766
679,1020237002921
680,1020247018278
681,1020227042711
682,1020237000985
683,1020227043288
684,1020230098636
685,1020247004365
686,1020220144385
687,1020237012804
688,1020230142473
689,1020220177081
690,1020257002417
691,1020257012551
692,1020200087992
693,1020247007744
694,1020210009474
695,1020230029243
696,1020240023000
697,1020220162790
698,1020247003051
699,1020200117000
700,1020247024798
701,1020247021618
702,1020240012432
703,1020230120832
704,1020220186138
705,1020227040957
706,1020220161777
707,1020220054815
708,1020217036723
709,1020237036045
710,1020190124607
711,1020250156133
712,1020240060980
713,1020247033118
714,1020240055202
715,1020210182578
716,1020190176027
717,1020240055524
718,1020200078251
719,1020227016148
720,1020230011166
721,1020210109436
722,1020237025757
723,1020190158475
724,1020210159308
725,1020200020750
726,1020210182951
727,1020230083357
728,1020210113866
729,1020220084314
730,1020237010222
731,1020230081607
732,1020247006478
733,1020240053638
734,1020237003128
735,1020200188787
736,1020200015446
737,1020220185883
738,1020200175813
739,1020257028949
740,1020230160441
741,1020257010608
742,1020247005498
743,1020257031542
744,1020257028598
745,1020227011933
746,1020237008252
747,1020210192381
748,1020237024905
749,1020240001292
750,1020210194596
751,1020220097705
752,1020210193485
753,1020257036699
754,1020247017762
755,1020227000332
756,1020240084278
757,1020230017894
758,1020240071493
759,1020257030545
760,1020210194595
761,1020207034595
762,1020240038370
763,1020240071754
764,1020227008822
765,1020200075655
766,1020210002443
767,1020240023001
768,1020240002857
769,1020217025943
770,1020217025582
771,1020210194265
772,1020257002356
773,1020240008636
774,1020257010498
775,1020257028519
776,1020240020531
777,1020200086089
778,1020230191350
779,1020247027682
780,1020210194264
781,1020240013093
782,1020240046746
783,1020237036986
784,1020237009216
785,1020240045838
786,1020200108307
787,1020210120094
788,1020257030341
789,1020240044436
790,1020240052049
791,1020240045012
792,1020240006172
793,1020227018294
794,1020257026419
795,1020230185069
796,1020220121402
797,1020220061662
798,1020247011138
799,1020220137508
800,1020247010996
801,1020237026152
802,1020220083052
803,1020247015600
804,1020217036101
805,1020247014788
806,1020230101047
807,1020220186268
808,1020220124518
809,1020247014415
810,1020220126306
811,1020220013702
812,1020247014413
813,1020227023045
814,1020217037923
815,1020240022999
816,1020247016469
817,1020240049379
818,1020230190509
819,1020237014027
820,1020240037925
821,1020240030479
822,1020230086789
823,1020220006655
824,1020210120285
825,1020200177517
826,1020237011985
827,1020257029250
828,1020257028661
829,1020250128561
830,1020257028098
831,1020220120908
832,1020200132834
833,1020247015599
834,1020257027387
835,1020257025481
836,1020257010300
837,1020257010120
838,1020257009900
839,1020257009610
840,1020220141019
841,1020257010267
842,1020257010137
843,1020257025385
844,1020257010596
845,1020257010276
846,1020257010266
847,1020257002817
848,1020257027082
849,1020257008026
850,1020257008006
851,1020257001041
852,1020257018935
853,1020257025482
854,1020257015404
855,1020257022532
856,1020257016095
857,1020257009318
858,1020257012544
859,1020257014775
860,1020257006978
861,1020257010264
862,1020257010134
863,1020257012245
864,1020247038587
865,1020257023343
866,1020257010125
867,1020257008375
868,1020247042116
869,1020257007635
870,1020257007475
871,1020247034831
872,1020247032121
873,1020257010142
874,1020247041178
875,1020247035476
876,1020257006402
877,1020247038888
878,1020247038538
879,1020247014850
880,1020247026607
881,1020247042545
882,1020247024827
883,1020247024587
884,1020257008553
885,1020247039235
886,1020247036624
887,1020257004053
888,1020247006180
889,1020247028438
890,1020247031494
891,1020257000043
892,1020247015597
893,1020247014417
894,1020247027874
895,1020247035172
896,1020247017516
897,1020247010801
898,1020247038813
899,1020247022834
900,1020247036713
901,1020247020824
902,1020247022795
903,1020237045180
904,1020247005947
905,1020247015598
906,1020247003281
907,1020247025532
908,1020247032173
909,1020247011244
910,1020247007578
911,1020247010264
912,1020247007934
913,1020247010265
914,1020247015182
915,1020247009585
916,1020237042941
917,1020247001078
918,1020247007105
919,1020237042601
920,1020237043277
921,1020247010802
922,1020240126868
923,1020247003925
924,1020247016563
925,1020240008456
926,1020237044126
927,1020237043436
928,1020237042776
929,1020247003092
930,1020237044168
931,1020237041978
932,1020237036596
933,1020237039518
934,1020237042914
935,1020237043775
936,1020237042785
937,1020247000523
938,1020237043572
939,1020237042332
940,1020237006640
941,1020237025816
942,1020237029304
943,1020237031185
944,1020237014587
945,1020237023978
946,1020237040143
947,1020237009851
948,1020237032272
949,1020237016286
950,1020237039343
951,1020237009367
952,1020237013836
953,1020237020284
954,1020237022485
955,1020237030113
956,1020237009258
957,1020230137211
958,1020230112606
959,1020227046271
960,1020227044711
961,1020227046207
962,1020230061416
963,1020237007192
964,1020227045347
965,1020227043491
966,1020230165685
967,1020227038781
968,1020227044608
969,1020227039656
970,1020227035067
971,1020227037716
972,1020230103342
973,1020227038578
974,1020227033916
975,1020227036208
976,1020227034898
977,1020227030626
978,1020227034218
979,1020227038775
980,1020227038422
981,1020227031304
982,1020220126500
983,1020227016146
984,1020227019715
985,1020220039450
986,1020227016254
987,1020227022332
988,1020227004796
989,1020227004656
990,1020227015915
991,1020227014414
992,1020227004644
993,1020227004615
994,1020227003545
995,1020220030717
996,1020220074706
997,1020227004442
998,1020227008223
999,1020217035407
1000,1020217026537
1001,1020217003270
1002,1020217015831
1003,1020217025888
1004,1020220024943
1005,1020217009877
1006,1020217028142
1007,1020210168047
1008,1020217028213
1009,1020217018532
1010,1020210111206
1011,1020217011653
1012,1020207030695
1013,1020207037712
1014,1020210034863
1015,1020200123040
1016,1020207037713
1017,1020200123706
1018,1020200087292
1019,1020257010139
1020,1020257010129
1021,1020257004619
1022,1020257000059
1023,1020247040529
1024,1020247033599
1025,1020247014419
1026,1020247014149
1027,1020247003129
1028,1020237032679
1029,1020237002489
1030,1020230099659
1031,1020227045559
1032,1020227045229
1033,1020227038349
1034,1020227035479
1035,1020220178939
1036,1020220083229
1037,1020217003269
1038,1020200123931
1039,1020230159816
1040,1020230134879
1041,1020250015905
1042,1020220147593
1043,1020240030595
1044,1020220145055
1045,1020240031004
1046,1020247031503
1047,1020200154796
1048,1020230102110
1049,1020240073719
1050,1020250114151
1051,1020230055347
1052,1020230190343
1053,1020220051195
1054,1020230158320
1055,1020230197809
1056,1020190105256
1057,1020240108819
1058,1020240078393
1059,1020230006173
1060,1020240029081
1061,1020240026736
1062,1020230169055
1063,1020200080993
1064,1020230003687
1065,1020210126598
1066,1020200149273
1067,1020237038498
1068,1020230175875
1069,1020230006172
1070,1020210154784
1071,1020220013703
1072,1020240013207
1073,1020230102351
1074,1020250032612
1075,1020250059013
1076,1020200074268
1077,1020237041350
1078,1020210169230
1079,1020230190990
1080,1020230137698
1081,1020200166468
1082,1020230037428
1083,1020220117779
1084,1020240049699
1085,1020220146885
1086,1020200024822
1087,1020200188276
1088,1020230144886
1089,1020210101756
1090,1020257025751
1091,1020250024684
1092,1020240013127
1093,1020240012875
1094,1020230129275
1095,1020227003009
1096,1020230098336
1097,1020200172213
1098,1020190126832
1099,1020220103946
1100,1020230156029
1101,1020240010911
1102,1020250024682
1103,1020230095671
1104,1020257012887
1105,1020230181152
1106,1020220177078
1107,1020217033105
1108,1020240009753
1109,1020250024690
1110,1020240034972
1111,1020250024688
1112,1020240022996
1113,1020240022998
1114,1020240022995
1115,1020240022994
1116,1020240022874
1117,1020247012633
1118,1020220129066
1119,1020240024120
1120,1020220113312
1121,1020220114847
1122,1020257021944
1123,1020250032007
1124,1020220081910
1125,1020240000112
1126,1020230178634
1127,1020237029640
1128,1020240192349
1129,1020240187255
1130,1020237044399
1131,1020230129050
1132,1020220065250
1133,1020200132759
1134,1020230184272
1135,1020230179875
1136,1020230181016
1137,1020257019193
1138,1020240110756
1139,1020240083743
1140,1020210139115
1141,1020230176540
1142,1020220040466
1143,1020230175639
1144,1020240089571
1145,1020210149516
1146,1020200016899
1147,1020250053879
1148,1020230169160
1149,1020257015650
1150,1020230135564
1151,1020220090307
1152,1020220158345
1153,1020220158346
1154,1020220095990
1155,1020210034835
1156,1020230162688
1157,1020230160535
1158,1020230157716
1159,1020190085650
1160,1020257003064
1161,1020247033584
1162,1020220189714
1163,1020240078829
1164,1020240191743
1165,1020230144372
1166,1020200118762
1167,1020230005895
1168,1020220064714
1169,1020230021562
1170,1020230138305
1171,1020257012526
1172,1020240007015
1173,1020240138790
1174,1020257011946
1175,1020240002721
1176,1020240091628
1177,1020210033796
1178,1020257010448
1179,1020250032354
1180,1020257008937
1181,1020257008460
1182,1020240130560
1183,1020230139389
1184,1020220040990
1185,1020220030319
1186,1020230125581
1187,1020257007766
1188,1020240122117
1189,1020247033762
1190,1020230117037
1191,1020210147372
1192,1020247038878
1193,1020240108349
1194,1020210147366
1195,1020210108876
1196,1020230111996
1197,1020210116914
1198,1020210079984
1199,1020237002236
1200,1020230086678
1201,1020230084060
1202,1020210140401
1203,1020247008072
1204,1020250006786
1205,1020230113396
1206,1020230192847
1207,1020230087231
1208,1020240154612
1209,1020230164845
1210,1020230028165
1211,1020230119968
1212,1020210163767
1213,1020210161332
1214,1020240014362
1215,1020230077324
1216,1020220009612
1217,1020220162379
1218,1020220155291
1219,1020247032110
1220,1020240134000
1221,1020210095159
1222,1020230028010
1223,1020230015834
1224,1020230013248
1225,1020230180285
1226,1020230010981
1227,1020230057771
1228,1020230007388
1229,1020240079506
1230,1020210086614
1231,1020230186774
1232,1020220167029
1233,1020220159907
1234,1020230105162
1235,1020240024527
1236,1020240024526
1237,1020230090527
1238,1020230099753
1239,1020200180385
1240,1020230028571
1241,1020200113975
1242,1020200111310
1243,1020257028770
1244,1020257028798
1245,1020230177172
1246,1020220099268
1247,1020257028984
1248,1020257028954
1249,1020257034391
1250,1020217022903
1251,1020190135438
1252,1020237034990
1253,1020230170170
1254,1020210003123
1255,1020210027330
1256,1020200155423
1257,1020227023190
1258,1020220147792
1259,1020227045846
1260,1020220141511
1261,1020220163222
1262,1020230175872
1263,1020220175235
1264,1020230101722
1265,1020230012654
1266,1020220187614
1267,1020220157273
1268,1020230031474
1269,1020237016972
1270,1020237017255
1271,1020230090728
1272,1020250008360
1273,1020220129260
1274,1020210127425
1275,1020210069912
1276,1020230070428
1277,1020220067158
1278,1020257027333
1279,1020230174121
1280,1020240050782
1281,1020250044783
1282,1020257032506
1283,1020247032462
1284,1020237012915
1285,1020230062758
1286,1020257031850
1287,1020217036964
1288,1020230184238
1289,1020227010805
1290,1020247018302
1291,1020237033880
1292,1020257020237
1293,1020240107056
1294,1020257024402
1295,1020250135150
1296,1020220110186
1297,1020220136628
1298,1020210110297
1299,1020257029507
1300,1020240041146
1301,1020220138121
1302,1020230037798
1303,1020220128818
1304,1020220116328
1305,1020247014144
1306,1020220135152
1307,1020237037572
1308,1020240016687
1309,1020200073717
1310,1020200087709
1311,1020240037631
1312,1020217034360
1313,1020240037028
1314,1020220118692
1315,1020257004231
1316,1020220170641
1317,1020240013154
1318,1020257022267
1319,1020257014187
1320,1020257012557
1321,1020257011621
1322,1020257022118
1323,1020257010131
1324,1020257008697
1325,1020257006817
1326,1020257009446
1327,1020257018134
1328,1020247028640
1329,1020257023383
1330,1020247034711
1331,1020257011932
1332,1020247033061
1333,1020257010132
1334,1020257015283
1335,1020247031006
1336,1020250070013
1337,1020247028514
1338,1020237019129
1339,1020247010571
1340,1020247032442
1341,1020247021725
1342,1020247013224
1343,1020247000596
1344,1020247008865
1345,1020237025840
1346,1020237043726
1347,1020240035148
1348,1020247000535
1349,1020237020430
1350,1020247010263
1351,1020237018320
1352,1020237015440
1353,1020237038178
1354,1020237026041
1355,1020237027167
1356,1020237040205
1357,1020237008710
1358,1020237020431
1359,1020237042772
1360,1020237033844
1361,1020237017847
1362,1020237030354
1363,1020237029964
1364,1020237014251
1365,1020237029024
1366,1020237028934
1367,1020237029452
1368,1020237001121
1369,1020237007008
1370,1020237023783
1371,1020227045561
1372,1020227044157
1373,1020237008413
1374,1020227040656
1375,1020227034666
1376,1020227025567
1377,1020227022207
1378,1020227017771
1379,1020227045773
1380,1020227029024
1381,1020227029025
1382,1020227011397
1383,1020227015996
1384,1020227030792
1385,1020227029022
1386,1020227029023
1387,1020227014742
1388,1020217011535
1389,1020210025627
1390,1020240037059
1391,1020207025668
1392,1020200117210
1393,1020200133518
1394,1020210006829
1395,1020247005499
1396,1020230001359
1397,1020227027719
1398,1020227023469
1399,1020200062377
1400,1020230028991
1401,1020240032734
1402,1020230125758
1403,1020240030991
1404,1020240031959
1405,1020230071124
1406,1020220126574
1407,1020210181699
1408,1020240079391
1409,1020240026450
1410,1020200002264
1411,1020250114820
1412,1020230122974
1413,1020230191633
1414,1020240200068
1415,1020240022970
1416,1020250019658
1417,1020210154767
1418,1020230085274
1419,1020220074597
1420,1020200161545
1421,1020230144505
1422,1020230158656
1423,1020230172362
1424,1020250103210
1425,1020220102829
1426,1020200124842
1427,1020240016670
1428,1020240015999
1429,1020230108822
1430,1020230092302
1431,1020230063655
1432,1020240012823
1433,1020220188234
1434,1020220109511
1435,1020220110295
1436,1020230137662
1437,1020220059423
1438,1020257024257
1439,1020240008847
1440,1020217009870
1441,1020210155909
1442,1020230043183
1443,1020240024842
1444,1020250088256
1445,1020250088255
1446,1020247042889
1447,1020217011282
1448,1020230042179
1449,1020190177682
1450,1020190160719
1451,1020230194377
1452,1020210180781
1453,1020230051256
1454,1020230005868
1455,1020220055980
1456,1020230182557
1457,1020220010887
1458,1020230174176
1459,1020210187462
1460,1020230171860
1461,1020230170905
1462,1020240057669
1463,1020230167732
1464,1020200187857
1465,1020210077373
1466,1020230162795
1467,1020230163403
1468,1020230157726
1469,1020230157219
1470,1020257006139
1471,1020210160715
1472,1020230145536
1473,1020230144876
1474,1020230147149
1475,1020230038133
1476,1020230182559
1477,1020240125057
1478,1020210104904
1479,1020230132764
1480,1020257009462
1481,1020230085213
1482,1020220108208
1483,1020230112466
1484,1020250023154
1485,1020220038486
1486,1020230039739
1487,1020230107560
1488,1020257001363
1489,1020210089829
1490,1020210089830
1491,1020230079907
1492,1020247017063
1493,1020200059671
1494,1020230075755
1495,1020230074035
1496,1020230165824
1497,1020230028872
1498,1020247036416
1499,1020230031454
1500,1020230029927
1501,1020230047656
1502,1020230016454
1503,1020247029094
1504,1020247012473
1505,1020230021429
1506,1020247025462
1507,1020230022206
1508,1020230012809
1509,1020230012910
1510,1020230168848
1511,1020230012558
1512,1020230013306
1513,1020230012117
1514,1020230010494
1515,1020230010963
1516,1020227011746
1517,1020230003331
1518,1020230162583
1519,1020230009628
1520,1020230163449
1521,1020230004553
1522,1020220162376
1523,1020220149331
1524,1020220166904
1525,1020227006666
1526,1020230019979
1527,1020200179773
1528,1020240022628
1529,1020220010153
1530,1020240126527
1531,1020220179394
1532,1020257029060
1533,1020230011594
1534,1020230009888
1535,1020200128088
1536,1020200062184
1537,1020257031156
1538,1020247015882
1539,1020220187128
1540,1020220140868
1541,1020220133528
1542,1020220147257
1543,1020210130566
1544,1020247003904
1545,1020237031331
1546,1020257032017
1547,1020257029063
1548,1020190078941
1549,1020240053720
1550,1020220162800
1551,1020227035651
1552,1020257005235
1553,1020220088956
1554,1020220074416
1555,1020210115486
1556,1020210020107
1557,1020210118644
1558,1020200183056
1559,1020200003427
1560,1020200062185
1561,1020200103428
1562,1020200102238
1563,1020220166963
1564,1020200124173
1565,1020257031784
1566,1020200029822
1567,1020257028889
1568,1020210119317
1569,1020210108190
1570,1020240113209
1571,1020210186990
1572,1020247026229
1573,1020257029398
1574,1020247027378
1575,1020210131159
1576,1020210116039
1577,1020257025450
1578,1020210129293
1579,1020210155962
1580,1020227046089
1581,1020220147941
1582,1020237001778
1583,1020220150907
1584,1020257016524
1585,1020200062327
1586,1020210091413
1587,1020247035384
1588,1020217002668
1589,1020227000254
1590,1020257028882
1591,1020257014460
1592,1020257008040
1593,1020220149549
1594,1020220126539
1595,1020257029024
1596,1020247035920
1597,1020247033450
1598,1020247031480
1599,1020257005366
1600,1020257029053
1601,1020257029043
1602,1020247034607
1603,1020257015973
1604,1020247039558
1605,1020257013303
1606,1020257006282
1607,1020247015340
1608,1020247026076
1609,1020247033754
1610,1020247039512
1611,1020247028502
1612,1020247015648
1613,1020247014584
1614,1020247012484
1615,1020247023193
1616,1020247004598
1617,1020240009385
1618,1020237013360
1619,1020237024284
1620,1020230003210
1621,1020237010165
1622,1020237005864
1623,1020237006935
1624,1020237018413
1625,1020230020732
1626,1020227023281
1627,1020227037522
1628,1020227012657
1629,1020220154454
1630,1020217041903
1631,1020257017729
1632,1020257008969
1633,1020257008889
1634,1020240005839
1635,1020237032399
1636,1020230193529
1637,1020257029068
1638,1020257029057
1639,1020257029062
1640,1020257028907
1641,1020257029066
1642,1020257029056
1643,1020210090515
1644,1020200141194
1645,1020200122176
1646,1020250018170
1647,1020220098563
1648,1020200147840
1649,1020200118820
1650,1020190114192
1651,1020200128305
1652,1020220120589
1653,1020200014175
1654,1020200087072
1655,1020190079390
1656,1020210089998
1657,1020240155075
1658,1020210118305
1659,1020190147994
1660,1020210023175
1661,1020200178991
1662,1020230153734
1663,1020220150544
1664,1020210000694
1665,1020210050717
1666,1020210041161
1667,1020210020151
1668,1020247010361
1669,1020210045980
1670,1020210027372
1671,1020220010490
1672,1020220035587
1673,1020190148984
1674,1020220162497
1675,1020220084017
1676,1020230051984
1677,1020210003753
1678,1020247017426
1679,1020240003400
1680,1020220080495
1681,1020220114357
1682,1020250028073
1683,1020240162822
1684,1020220038601
1685,1020220031190
1686,1020240145829
1687,1020190167203
1688,1020230184012
1689,1020200189721
1690,1020200113970
1691,1020200186164
1692,1020200061651
1693,1020220069699
1694,1020230167724
1695,1020200184850
1696,1020220064245
1697,1020200023627
1698,1020200181964
1699,1020200086388
1700,1020230153258
1701,1020200034292
1702,1020210132572
1703,1020220043400
1704,1020240001390
1705,1020250036748
1706,1020230123020
1707,1020230020630
1708,1020230120211
1709,1020230151747
1710,1020220043221
1711,1020257003935
1712,1020250012280
1713,1020230099216
1714,1020230098350
1715,1020250010548
1716,1020240088033
1717,1020220009086
1718,1020240197490
1719,1020230082929
1720,1020230064129
1721,1020230078442
1722,1020230076710
1723,1020230071983
1724,1020210193068
1725,1020210143399
1726,1020230048894
1727,1020230037369
1728,1020230031507
1729,1020230148421
1730,1020230027314
1731,1020237036308
1732,1020230021138
1733,1020230017798
1734,1020230010730
1735,1020230007597
1736,1020230003686
1737,1020240085542
1738,1020230002455
1739,1020230000515
1740,1020210084247
1741,1020210065060
1742,1020240050165
1743,1020230007214
1744,1020220174845
1745,1020240192672
1746,1020240059656
1747,1020210122980
1748,1020220190705
1749,1020200067761
1750,1020257029164
1751,1020230061205
1752,1020230061204
1753,1020247020252
1754,1020240059324
1755,1020220164634
1756,1020217030346
1757,1020220007420
1758,1020247002742
1759,1020220169430
1760,1020230173485
1761,1020220052360
1762,1020220039721
1763,1020240054974
1764,1020230081641
1765,1020230140597
1766,1020257035064
1767,1020230111004
1768,1020210107885
1769,1020240052245
1770,1020230159544
1771,1020240052243
1772,1020220149929
1773,1020190142424
1774,1020240137762
1775,1020220091809
1776,1020220168201
1777,1020230114709
1778,1020220156839
1779,1020230140598
1780,1020220152830
1781,1020247013576
1782,1020257025662
1783,1020150162559
1784,1020230030417
1785,1020240099248
1786,1020230008825
1787,1020210077605
1788,1020230192313
1789,1020217038200
1790,1020200060577
1791,1020230053824
1792,1020210103528
1793,1020220129463
1794,1020230173259
1795,1020237033203
1796,1020257031808
1797,1020220138360
1798,1020230048994
1799,1020230176352
1800,1020237021235
1801,1020247012749
1802,1020240045719
1803,1020257026469
1804,1020230176353
1805,1020257009239
1806,1020230169588
1807,1020220165708
1808,1020257018040
1809,1020257019787
1810,1020257001590
1811,1020257008297
1812,1020257013306
1813,1020257004578
1814,1020247025350
1815,1020247038897
1816,1020247035567
1817,1020257001604
1818,1020247043254
1819,1020247036488
1820,1020257008383
1821,1020247035344
1822,1020247015511
1823,1020247026138
1824,1020247036372
1825,1020247018046
1826,1020247011641
1827,1020247010437
1828,1020247008886
1829,1020247013404
1830,1020237031370
1831,1020247000848
1832,1020237039241
1833,1020247008792
1834,1020247013943
1835,1020247001622
1836,1020237031357
1837,1020237029671
1838,1020237004690
1839,1020237003390
1840,1020237021956
1841,1020237011407
1842,1020237014734
1843,1020237021992
1844,1020237027153
1845,1020237011484
1846,1020237016902
1847,1020237014712
1848,1020237012482
1849,1020230089152
1850,1020227028201
1851,1020227032455
1852,1020227038092
1853,1020227018928
1854,1020227019463
1855,1020217032566
1856,1020217027512
1857,1020217010768
1858,1020210158752
1859,1020207026798
1860,1020237014749
1861,1020200044861
1862,1020240032550
1863,1020210073214
1864,1020240091090
1865,1020230097711
1866,1020240193388
1867,1020210126925
1868,1020210114716
1869,1020210056800
1870,1020240027803
1871,1020210154992
1872,1020240027945
1873,1020240027935
1874,1020210120981
1875,1020240001028
1876,1020220058530
1877,1020240019944
1878,1020240018770
1879,1020240017941
1880,1020240017535
1881,1020240197498
1882,1020240013187
1883,1020230106335
1884,1020230114708
1885,1020230062424
1886,1020220162132
1887,1020220107923
1888,1020240178308
1889,1020257024750
1890,1020230106336
1891,1020210092372
1892,1020247014679
1893,1020250091702
1894,1020190115443
1895,1020240004673
1896,1020240003199
1897,1020240001909
1898,1020240001617
1899,1020217006783
1900,1020240001538
1901,1020240180816
1902,1020200176600
1903,1020240000549
1904,1020220006867
1905,1020230197082
1906,1020230197857
1907,1020230197255
1908,1020230194695
1909,1020230152826
1910,1020230187719
1911,1020210148296
1912,1020210119869
1913,1020230176204
1914,1020250075495
1915,1020200177890
1916,1020230060729
1917,1020230060728
1918,1020230170193
1919,1020230167229
1920,1020250066177
1921,1020230166696
1922,1020230161072
1923,1020250060297
1924,1020230157022
1925,1020220025851
1926,1020240083752
1927,1020230154897
1928,1020230151955
1929,1020230151513
1930,1020230151089
1931,1020230144478
1932,1020257012111
1933,1020257012109
1934,1020230136402
1935,1020230134914
1936,1020230134693
1937,1020200174403
1938,1020257010832
1939,1020250032472
1940,1020230131157
1941,1020230114707
1942,1020220035448
1943,1020220032400
1944,1020230125206
1945,1020230121282
1946,1020230120307
1947,1020230120493
1948,1020247002669
1949,1020210086630
1950,1020230114537
1951,1020240120231
1952,1020247018226
1953,1020230114534
1954,1020230112961
1955,1020230097712
1956,1020200176602
1957,1020217027478
1958,1020210143931
1959,1020230108210
1960,1020230104145
1961,1020230105083
1962,1020230099342
1963,1020230089334
1964,1020230090731
1965,1020230077275
1966,1020230071756
1967,1020230070368
1968,1020230069713
1969,1020230068668
1970,1020220178262
1971,1020230065111
1972,1020230057905
1973,1020230059098
1974,1020220134624
1975,1020230055938
1976,1020230054946
1977,1020230050412
1978,1020230050806
1979,1020240129902
1980,1020230040873
1981,1020240123944
1982,1020230031540
1983,1020230029932
1984,1020200123172
1985,1020210126253
1986,1020230022843
1987,1020230021488
1988,1020230014333
1989,1020247022288
1990,1020200084246
1991,1020230007289
1992,1020230008294
1993,1020230004300
1994,1020220157042
1995,1020220159075
1996,1020220150559
1997,1020220150549
1998,1020220150548
1999,1020220150546
2000,1020220147874
2001,1020230027983
2002,1020230038667
2003,1020220000871
2004,1020247011320
2005,1020227017236
2006,1020247021184
2007,1020237024697
2008,1020210015016
2009,1020237034953
2010,1020220167912
2011,1020200189508
2012,1020210039975
2013,1020237012327
2014,1020210178084
2015,1020250159151
2016,1020220174464
2017,1020210108345
2018,1020220079720
2019,1020220001850
2020,1020190152466
2021,1020220096091
2022,1020220026601
2023,1020220102522
2024,1020220001348
2025,1020220122397
2026,1020220082346
2027,1020247015715
2028,1020240057525
2029,1020190115367
2030,1020220019914
2031,1020220156772
2032,1020247041591
2033,1020240055781
2034,1020200041770
2035,1020247013585
2036,1020220170791
2037,1020237030348
2038,1020220178668
2039,1020220151855
2040,1020220142838
2041,1020220134992
2042,1020220131516
2043,1020247013584
2044,1020220165884
2045,1020220159724
2046,1020220142624
2047,1020250157700
2048,1020240055551
2049,1020217009477
2050,1020210180767
2051,1020200091883
2052,1020237042780
2053,1020240177465
2054,1020247018054
2055,1020200024218
2056,1020200044630
2057,1020210011293
2058,1020200060182
2059,1020240077621
2060,1020220066218
2061,1020200126457
2062,1020220018423
2063,1020210176610
2064,1020190097664
2065,1020190121363
2066,1020190108413
2067,1020200159950
2068,1020220063451
2069,1020240052427
2070,1020210028761
2071,1020190159161
2072,1020220055256
2073,1020220077954
2074,1020220074344
2075,1020210101327
2076,1020220059134
2077,1020210105906
2078,1020210099802
2079,1020210003666
2080,1020200168075
2081,1020210023792
2082,1020200185156
2083,1020210097684
2084,1020210095734
2085,1020200131696
2086,1020210101348
2087,1020190151657
2088,1020190088967
2089,1020200175128
2090,1020220092703
2091,1020210078963
2092,1020210064203
2093,1020200091543
2094,1020200044863
2095,1020200130499
2096,1020210107344
2097,1020210094662
2098,1020210118658
2099,1020210145699
2100,1020200091885
2101,1020200007405
2102,1020247019094
2103,1020220107619
2104,1020220007689
2105,1020200057876
2106,1020190104943
2107,1020210152590
2108,1020210118400
2109,1020220007711
2110,1020210105323
2111,1020217043110
2112,1020247014849
2113,1020240090234
2114,1020200104575
2115,1020240048600
2116,1020220006953
2117,1020210097621
2118,1020240048575
2119,1020240055079
2120,1020190171684
2121,1020257004950
2122,1020190169084
2123,1020237025180
2124,1020237042824
2125,1020210182095
2126,1020210070204
2127,1020210101981
2128,1020227026936
2129,1020227034904
2130,1020220000471
2131,1020230191632
2132,1020200187685
2133,1020220022944
2134,1020190107828
2135,1020220136003
2136,1020227004629
2137,1020240044016
2138,1020220090899
2139,1020210106769
2140,1020210093469
2141,1020210028369
2142,1020210021919
2143,1020240041632
2144,1020220056715
2145,1020210089445
2146,1020210112659
2147,1020240041062
2148,1020240040744
2149,1020200124005
2150,1020240041373
2151,1020210095373
2152,1020240051619
2153,1020190131829
2154,1020240039720
2155,1020210106079
2156,1020210087409
2157,1020220159727
2158,1020200165761
2159,1020200169545
2160,1020247014361
2161,1020220150828
2162,1020220145656
2163,1020220125398
2164,1020220117706
2165,1020210007786
2166,1020220150924
2167,1020220142022
2168,1020220109492
2169,1020220133923
2170,1020220118723
2171,1020220121118
2172,1020240038493
2173,1020210049193
2174,1020200182583
2175,1020190138636
2176,1020190031914
2177,1020190130772
2178,1020190096272
2179,1020217000893
2180,1020227044079
2181,1020190108154
2182,1020210001947
2183,1020190123736
2184,1020240035795
2185,1020257019097
2186,1020220100649
2187,1020257022348
2188,1020257028485
2189,1020257022855
2190,1020247034310
2191,1020257019595
2192,1020257013665
2193,1020257001836
2194,1020257005574
2195,1020257001208
2196,1020257000844
2197,1020257003175
2198,1020247013580
2199,1020247039155
2200,1020247014387
2201,1020247022824
2202,1020247013716
2203,1020247006947
2204,1020247005007
2205,1020247020225
2206,1020247013118
2207,1020247013114
2208,1020247013905
2209,1020247013715
2210,1020240034437
2211,1020247012932
2212,1020247006355
2213,1020237024870
2214,1020237024190
2215,1020240034598
2216,1020237034857
2217,1020237028961
2218,1020237044345
2219,1020237031346
2220,1020237038064
2221,1020237026396
2222,1020237031202
2223,1020237028962
2224,1020237011516
2225,1020237019884
2226,1020237008016
2227,1020237030963
2228,1020237001776
2229,1020227037430
2230,1020237020263
2231,1020237004644
2232,1020227028230
2233,1020227024000
2234,1020227034941
2235,1020227037646
2236,1020230090262
2237,1020227032436
2238,1020227010630
2239,1020227035674
2240,1020227036925
2241,1020227037172
2242,1020227036562
2243,1020227034162
2244,1020227018246
2245,1020227010631
2246,1020227018912
2247,1020227010645
2248,1020220077344
2249,1020217024181
2250,1020217034062
2251,1020217010367
2252,1020217020322
2253,1020207037802
2254,1020200098804
2255,1020240036349
2256,1020237037019
2257,1020227046469
2258,1020227042959
2259,1020227041959
2260,1020227015989
2261,1020240032785
2262,1020240033069
2263,1020210170877
2264,1020210085100
2265,1020210074281
2266,1020210033661
2267,1020210010888
2268,1020210108173
2269,1020200014590
2270,1020240031338
2271,1020210059302
2272,1020210055884
2273,1020190104862
2274,1020240031303
2275,1020210101323
2276,1020210152615
2277,1020200147860
2278,1020210041295
2279,1020250109609
2280,1020220118391
2281,1020247015812
2282,1020237039602
2283,1020220082253
2284,1020210101689
2285,1020220018613
2286,1020210053682
2287,1020200124010
2288,1020210104766
2289,1020190094726
2290,1020220090891
2291,1020190049957
2292,1020210187595
2293,1020190114592
2294,1020200101179
2295,1020220109100
2296,1020240024697
2297,1020190106600
2298,1020220118836
2299,1020190170687
2300,1020200016495
2301,1020210125074
2302,1020220102493
2303,1020190005809
2304,1020240024396
2305,1020240023921
2306,1020190170741
2307,1020210080503
2308,1020247009731
2309,1020210080093
2310,1020240022538
2311,1020200028581
2312,1020200187705
2313,1020210007586
2314,1020200148056
2315,1020200109534
2316,1020240099435
2317,1020210135863
2318,1020210008710
2319,1020210019941
2320,1020190154491
2321,1020240019406
2322,1020210037495
2323,1020200135466
2324,1020210151260
2325,1020240018199
2326,1020210124569
2327,1020240017966
2328,1020240018144
2329,1020200171104
2330,1020200115469
2331,1020200054625
2332,1020190160595
2333,1020210125956
2334,1020220189824
2335,1020200118864
2336,1020190141853
2337,1020220123790
2338,1020210101456
2339,1020220120738
2340,1020220024282
2341,1020240013894
2342,1020210012628
2343,1020200065830
2344,1020200084585
2345,1020190178832
2346,1020200100899
2347,1020200083918
2348,1020200078744
2349,1020220064191
2350,1020220056439
2351,1020220184530
2352,1020220109155
2353,1020220110726
2354,1020220089898
2355,1020220109103
2356,1020200157971
2357,1020247031654
2358,1020200159030
2359,1020230011503
2360,1020240008107
2361,1020240006515
2362,1020240007504
2363,1020210123588
2364,1020240123880
2365,1020200176647
2366,1020200174490
2367,1020210047036
2368,1020200073478
2369,1020240003748
2370,1020240003398
2371,1020240002992
2372,1020240003376
2373,1020240002708
2374,1020220101483
2375,1020190111340
2376,1020240000320
2377,1020250084136
2378,1020220029912
2379,1020220012765
2380,1020220030089
2381,1020230195184
2382,1020230194846
2383,1020230194849
2384,1020230197873
2385,1020230195193
2386,1020240077741
2387,1020220045162
2388,1020220101554
2389,1020220038197
2390,1020220027440
2391,1020220072565
2392,1020220048045
2393,1020220037945
2394,1020220040368
2395,1020230188402
2396,1020230188024
2397,1020230188698
2398,1020190155159
2399,1020210037478
2400,1020190160023
2401,1020230182876
2402,1020200063351
2403,1020230183019
2404,1020200141948
2405,1020190100181
2406,1020230180963
2407,1020190120950
2408,1020230009342
2409,1020257016262
2410,1020200142136
2411,1020210143995
2412,1020230173162
2413,1020230174203
2414,1020200147052
2415,1020200124274
2416,1020230167762
2417,1020230167780
2418,1020230166294
2419,1020230166856
2420,1020240098453
2421,1020220097704
2422,1020230165569
2423,1020220065289
2424,1020237041487
2425,1020250064593
2426,1020220055676
2427,1020200170093
2428,1020240016893
2429,1020230161966
2430,1020257015975
2431,1020230157953
2432,1020190124462
2433,1020237033705
2434,1020230195369
2435,1020230152577
2436,1020230153744
2437,1020230151759
2438,1020230149722
2439,1020230149561
2440,1020240006157
2441,1020230149007
2442,1020230149005
2443,1020230149456
2444,1020230147786
2445,1020230148989
2446,1020210178927
2447,1020200148902
2448,1020220080034
2449,1020220077049
2450,1020230142323
2451,1020230140924
2452,1020240033699
2453,1020230133023
2454,1020220035767
2455,1020230131124
2456,1020240103621
2457,1020230130176
2458,1020220032085
2459,1020230126437
2460,1020230124658
2461,1020230123220
2462,1020230122502
2463,1020220026793
2464,1020230115044
2465,1020230113964
2466,1020230113765
2467,1020230112619
2468,1020220027023
2469,1020210152284
2470,1020220031740
2471,1020220026341
2472,1020220047102
2473,1020220036772
2474,1020220030124
2475,1020220027434
2476,1020220019175
2477,1020220026748
2478,1020220029779
2479,1020220032607
2480,1020210173896
2481,1020190160526
2482,1020230107175
2483,1020230105119
2484,1020230103477
2485,1020230101282
2486,1020230101624
2487,1020230101286
2488,1020230100469
2489,1020230101990
2490,1020230099431
2491,1020230099433
2492,1020230098627
2493,1020230098351
2494,1020230097963
2495,1020230093312
2496,1020230099118
2497,1020220023592
2498,1020220014522
2499,1020230093771
2500,1020220021627
2501,1020230092567
2502,1020230089375
2503,1020250001750
2504,1020240201414
2505,1020230086575
2506,1020230085963
2507,1020230085166
2508,1020240195401
2509,1020240174653
2510,1020220006582
2511,1020220005025
2512,1020210186777
2513,1020210176847
2514,1020210191810
2515,1020210176941
2516,1020220005973
2517,1020230034398
2518,1020230077660
2519,1020230073019
2520,1020247039912
2521,1020210176963
2522,1020230060123
2523,1020230054555
2524,1020230055704
2525,1020230054568
2526,1020190155419
2527,1020190138821
2528,1020230049902
2529,1020240127187
2530,1020230044932
2531,1020230044745
2532,1020230039627
2533,1020230040769
2534,1020230040279
2535,1020230044756
2536,1020230042196
2537,1020230078710
2538,1020230037567
2539,1020230032077
2540,1020230030671
2541,1020230030006
2542,1020230033188
2543,1020230034703
2544,1020210165606
2545,1020210110761
2546,1020210101686
2547,1020230027135
2548,1020230025325
2549,1020230026437
2550,1020230025326
2551,1020240114294
2552,1020230023690
2553,1020230022684
2554,1020230022068
2555,1020230019848
2556,1020230018205
2557,1020230016119
2558,1020230016758
2559,1020230016756
2560,1020230016346
2561,1020210105602
2562,1020230013119
2563,1020230011719
2564,1020230011717
2565,1020230009603
2566,1020230007695
2567,1020230007325
2568,1020230005819
2569,1020230008287
2570,1020230006606
2571,1020230003689
2572,1020230001597
2573,1020220185634
2574,1020230002950
2575,1020220182806
2576,1020210105600
2577,1020230049293
2578,1020210078616
2579,1020230024049
2580,1020230000488
2581,1020230005667
2582,1020247005291
2583,1020210019946
2584,1020210010164
2585,1020200146721
2586,1020200146722
2587,1020200100098
2588,1020247021185
2589,1020247017421
2590,1020227001686
2591,1020257019011
2592,1020237045500
2593,1020237011460
2594,1020237001242
2595,1020227019997
2596,1020227023084
2597,1020227010635
2598,1020227020016
2599,1020227024154
2600,1020240058504
2601,1020230187363
2602,1020247022770
2603,1020257012694
2604,1020227021147
2605,1020220053541
2606,1020210134304
2607,1020220087064
2608,1020237002176
2609,1020220037947
2610,1020227019995
2611,1020220147834
2612,1020210144326
2613,1020240038234
2614,1020247013310
2615,1020247022917
2616,1020247023306
2617,1020247027328
2618,1020247013717
2619,1020247020818
2620,1020247006446
2621,1020247012934
2622,1020247011114
2623,1020247013115
2624,1020247023493
2625,1020247006824
2626,1020247012933
2627,1020240035424
2628,1020240088822
2629,1020237023137
2630,1020237035314
2631,1020237035315
2632,1020237036512
2633,1020237036513
2634,1020237021295
2635,1020227045670
2636,1020227044820
2637,1020227022120
2638,1020227021491
2639,1020227011311
2640,1020207011290
2641,1020227023089
2642,1020200188156
2643,1020247002880
2644,1020250095505
2645,1020240003120
2646,1020257013431
2647,1020257009828
2648,1020220019757
2649,1020247043035
2650,1020230032740
2651,1020210125953
2652,1020230025614
2653,1020210083110
2654,1020220177217
2655,1020220187765
2656,1020200180603
2657,1020237013958
2658,1020227029797
2659,1020247040777
2660,1020237026744
2661,1020220044396
2662,1020247017601
2663,1020237033783
2664,1020237034710
2665,1020237005390
2666,1020200105191
2667,1020227012336
2668,1020237008488
2669,1020207014167
2670,1020200122252
2671,1020237028863
2672,1020237028183
2673,1020227012263
2674,1020217028589
2675,1020227014777
2676,1020217040305
2677,1020210120390
2678,1020247018082
2679,1020227028669
2680,1020257035029
2681,1020257016002
2682,1020220038707
2683,1020257005930
2684,1020257016786
2685,1020257006066
2686,1020257022353
2687,1020247020350
2688,1020247016230
2689,1020257001652
2690,1020247021181
2691,1020247016211
2692,1020247030605
2693,1020247002291
2694,1020247000871
2695,1020237028620
2696,1020237039747
2697,1020247006812
2698,1020237042852
2699,1020237005760
2700,1020237042593
2701,1020237039363
2702,1020227045641
2703,1020227043931
2704,1020227042566
2705,1020237000973
2706,1020227029457
2707,1020227010920
2708,1020227045423
2709,1020227035572
2710,1020227030293
2711,1020227010565
2712,1020220091208
2713,1020217033007
2714,1020217036452
2715,1020217031692
2716,1020217024055
2717,1020217022084
2718,1020187035957
2719,1020257012009
2720,1020220174356
2721,1020257027532
2722,1020210101316
2723,1020230157742
2724,1020257023923
2725,1020257022405
2726,1020220084335
2727,1020230178269
2728,1020207027522
2729,1020230178268
2730,1020210068881
2731,1020210128683
2732,1020230117820
2733,1020220038703
2734,1020210145375
2735,1020210187736
2736,1020230088689
2737,1020230088688
2738,1020230058928
2739,1020210158394
2740,1020230047840
2741,1020230034765
2742,1020240028150
2743,1020230018977
2744,1020210034865
2745,1020230009727
2746,1020220183591
2747,1020220190638
2748,1020230088154
2749,1020210018940
2750,1020247011347
2751,1020247030878
2752,1020257007290
2753,1020247001635
2754,1020237003938
2755,1020227000411
2756,1020227002030
2757,1020257004756
2758,1020250018673
2759,1020247013988
2760,1020237045426
2761,1020227018815
2762,1020217024342
2763,1020247029010
2764,1020247030885
2765,1020230191192
2766,1020160172391
2767,1020247043551
2768,1020247002297
2769,1020247006948
2770,1020237029810
2771,1020237037396
2772,1020237016431
2773,1020237016391
2774,1020237011211
2775,1020237030253
2776,1020227045210
2777,1020237018503
2778,1020227032990
2779,1020237012063
2780,1020227045208
2781,1020227040718
2782,1020227032886
2783,1020227025986
2784,1020227029138
2785,1020217016652
2786,1020257010259
2787,1020227045209
2788,1020210067039
2789,1020240094880
2790,1020240181632
2791,1020257002928
2792,1020230089382
2793,1020257004910
2794,1020230159026
2795,1020237038856
2796,1020257028833
2797,1020257006247
2798,1020247025880
2799,1020247004910
2800,1020247006213
2801,1020257009243
2802,1020250095790
2803,1020230195412
2804,1020247024765
2805,1020220100977
2806,1020237036724
2807,1020227045231
2808,1020230123118
2809,1020257030875
2810,1020257032458
2811,1020257007449
2812,1020247009706
2813,1020257031496
2814,1020257024434
2815,1020257014322
2816,1020257007065
2817,1020247028221
2818,1020247006761
2819,1020237028511
2820,1020237033716
2821,1020237008371
2822,1020237007208
2823,1020247036235
2824,1020257027560
2825,1020200023752
2826,1020250097029
2827,1020250064774
2828,1020230073979
2829,1020210129480
2830,1020240017881
2831,1020230009715
2832,1020230020547
2833,1020247038435
2834,1020247021578
2835,1020247021188
2836,1020190096064
2837,1020210116809
2838,1020210033153
2839,1020220162976
2840,1020220125733
2841,1020250138559
2842,1020250069518
2843,1020210123183
2844,1020257013637
2845,1020257006935
2846,1020247021213
2847,1020247005305
2848,1020237019598
2849,1020230189840
2850,1020230127107
2851,1020247008075
2852,1020210042137
2853,1020210188280
2854,1020210108428
2855,1020200171871
2856,1020220134557
2857,1020210130549
2858,1020220135366
2859,1020210146637
2860,1020257004020
2861,1020257028305
2862,1020257006692
2863,1020247042844
2864,1020227022886
2865,1020217033978
2866,1020200178629
2867,1020210085943
2868,1020200112095
2869,1020240059041
2870,1020220169926
2871,1020200057891
2872,1020200124004
2873,1020210104337
2874,1020240183425
2875,1020200165887
2876,1020210118556
2877,1020200178115
2878,1020200099969
2879,1020220077569
2880,1020200091220
2881,1020257015700
2882,1020257004477
2883,1020247008115
2884,1020237030310
2885,1020237043592
2886,1020257004949
2887,1020240029679
2888,1020210099051
2889,1020210044162
2890,1020200179861
2891,1020247001620
2892,1020210044156
2893,1020210160608
2894,1020200058431
2895,1020240024513
2896,1020210024587
2897,1020210036792
2898,1020220119092
2899,1020220119094
2900,1020240008587
2901,1020247035801
2902,1020200173400
2903,1020230170768
2904,1020200103228
2905,1020200003678
2906,1020190086482
2907,1020200021656
2908,1020200044289
2909,1020200027886
2910,1020220037944
2911,1020210078037
2912,1020247041943
2913,1020240072942
2914,1020230060137
2915,1020210025304
2916,1020220166984
2917,1020230162214
2918,1020230165719
2919,1020230165720
2920,1020200095335
2921,1020200140414
2922,1020200101577
2923,1020210081820
2924,1020247001324
2925,1020247038913
2926,1020247016204
2927,1020227042640
2928,1020227036082
2929,1020200095477
2930,1020250047003
2931,1020220180409
2932,1020247022112
2933,1020200155765
2934,1020210147700
2935,1020247012016
2936,1020247005680
2937,1020227032350
2938,1020190124779
2939,1020240013317
2940,1020210041175
2941,1020190002403
2942,1020210139708
2943,1020230107438
2944,1020247000921
2945,1020227045151
2946,1020257020507
2947,1020257020037
2948,1020257019856
2949,1020257012976
2950,1020257020035
2951,1020247041252
2952,1020247008675
2953,1020237031101
2954,1020237003462
2955,1020227024168
2956,1020237031099
2957,1020200059251
2958,1020220039670
2959,1020257003982
2960,1020220174063
2961,1020210116563
2962,1020230032581
2963,1020257019857
2964,1020257020036
2965,1020257019855
2966,1020257014123
2967,1020240039556
2968,1020220041353
2969,1020227040839
2970,1020230167661
2971,1020230167649
2972,1020230037580
2973,1020220157318
2974,1020220152512
2975,1020227042138
2976,1020247018441
2977,1020240019522
2978,1020200122885
2979,1020247020625
2980,1020237036803
2981,1020237000245
2982,1020230085961
2983,1020200117866
2984,1020250067638
2985,1020230085183
2986,1020220144202
2987,1020237019353
2988,1020220132560
2989,1020217038021
2990,1020230159852
2991,1020207024851
2992,1020237030589
2993,1020230083675
2994,1020230048898
2995,1020240054630
2996,1020240054608
2997,1020247013446
2998,1020240053393
2999,1020240008273
3000,1020237018594
3001,1020050108060
3002,1020060018662
3003,1020257032282
3004,1020257023478
3005,1020257006947
3006,1020247038345
3007,1020247000757
3008,1020247016435
3009,1020237028170
3010,1020237020320
3011,1020247000782
3012,1020237031737
3013,1020237033706
3014,1020237027676
3015,1020237033955
3016,1020227039671
3017,1020227020221
3018,1020220117437
3019,1020237028929
3020,1020237023239
3021,1020240018809
3022,1020230194423
3023,1020230154431
3024,1020230154439
3025,1020230116316
3026,1020247042544
3027,1020230100082
3028,1020230091359
3029,1020230091911
3030,1020230040030
3031,1020237026000
3032,1020200054780
3033,1020257003571
3034,1020240060181
3035,1020230191398
3036,1020240190915
3037,1020240149655
3038,1020220036221
3039,1020230015508
3040,1020200093691
3041,1020230015515
3042,1020240190906
3043,1020190178138
3044,1020220161330
3045,1020257034944
3046,1020240059667
3047,1020247015391
3048,1020230048554
3049,1020190145956
3050,1020220148464
3051,1020220099374
3052,1020247025043
3053,1020250153575
3054,1020240040215
3055,1020230004482
3056,1020220178341
3057,1020227028892
3058,1020230050998
3059,1020230154235
3060,1020250156826
3061,1020230145705
3062,1020220095965
3063,1020190122933
3064,1020230047266
3065,1020190175178
3066,1020240054937
3067,1020210019366
3068,1020220149187
3069,1020247020723
3070,1020220123144
3071,1020210034307
3072,1020220170183
3073,1020160149524
3074,1020230191305
3075,1020230024442
3076,1020257013687
3077,1020230191817
3078,1020240048674
3079,1020250155563
3080,1020217036914
3081,1020240121883
3082,1020237022743
3083,1020217021103
3084,1020220148900
3085,1020227008037
3086,1020247019081
3087,1020240106351
3088,1020257037122
3089,1020257030542
3090,1020247021655
3091,1020240088442
3092,1020240075702
3093,1020240058642
3094,1020230147035
3095,1020230070742
3096,1020227020215
3097,1020220174545
3098,1020220173732
3099,1020230130986
3100,1020247029827
3101,1020257031074
3102,1020240059124
3103,1020220186737
3104,1020230169140
3105,1020217024800
3106,1020240056581
3107,1020247027042
3108,1020220187465
3109,1020230099872
3110,1020247039064
3111,1020220076994
3112,1020227007423
3113,1020220149533
3114,1020230050892
3115,1020200004485
3116,1020220146950
3117,1020230193500
3118,1020257015568
3119,1020247018508
3120,1020240005978
3121,1020220143637
3122,1020240156915
3123,1020190053607
3124,1020247026461
3125,1020247043204
3126,1020220127363
3127,1020200011372
3128,1020240039224
3129,1020257030092
3130,1020250057062
3131,1020247028112
3132,1020240058188
3133,1020240057227
3134,1020240056437
3135,1020240057456
3136,1020210002585
3137,1020220171420
3138,1020220146930
3139,1020220143520
3140,1020247019221
3141,1020220130280
3142,1020257033095
3143,1020230131051
3144,1020220166871
3145,1020220166341
3146,1020220133451
3147,1020247025616
3148,1020220187678
3149,1020220164535
3150,1020220152155
3151,1020220171828
3152,1020220170468
3153,1020220137778
3154,1020220151157
3155,1020220150837
3156,1020220149937
3157,1020220164072
3158,1020257034154
3159,1020247022944
3160,1020220132436
3161,1020220159094
3162,1020230072643
3163,1020220136744
3164,1020220134234
3165,1020220133374
3166,1020220126834
3167,1020220160003
3168,1020220159143
3169,1020220146913
3170,1020220144963
3171,1020220129043
3172,1020257035960
3173,1020230192720
3174,1020230003440
3175,1020247025711
3176,1020240056051
3177,1020257034655
3178,1020257035108
3179,1020240070367
3180,1020240055057
3181,1020227023545
3182,1020220146978
3183,1020257010274
3184,1020240056074
3185,1020230117894
3186,1020240002890
3187,1020247026937
3188,1020230127095
3189,1020240165042
3190,1020240055062
3191,1020227044505
3192,1020237006196
3193,1020230133606
3194,1020220143902
3195,1020217043282
3196,1020217042232
3197,1020180163377
3198,1020200129654
3199,1020210158044
3200,1020240069370
3201,1020247037546
3202,1020230192201
3203,1020240138635
3204,1020240139097
3205,1020247028737
3206,1020200036591
3207,1020237005715
3208,1020240024072
3209,1020230192187
3210,1020227018495
3211,1020227012877
3212,1020230067648
3213,1020217025762
3214,1020220059073
3215,1020257028642
3216,1020200177851
3217,1020257035344
3218,1020240053758
3219,1020200114005
3220,1020217034733
3221,1020230107340
3222,1020227042820
3223,1020220174281
3224,1020220131771
3225,1020220034101
3226,1020217007261
3227,1020240012495
3228,1020237016947
3229,1020240062534
3230,1020227013517
3231,1020227036946
3232,1020220181975
3233,1020230113944
3234,1020220157567
3235,1020237007628
3236,1020220147215
3237,1020230067894
3238,1020220167302
3239,1020220124956
3240,1020220040207
3241,1020220017255
3242,1020217007475
3243,1020220072424
3244,1020217031494
3245,1020200098337
3246,1020200161586
3247,1020200013045
3248,1020190151206
3249,1020200090844
3250,1020200084254
3251,1020190156138
3252,1020220176023
3253,1020220133033
3254,1020190165523
3255,1020250010159
3256,1020240190919
3257,1020240041629
3258,1020230103445
3259,1020230191399
3260,1020227018169
3261,1020220190429
3262,1020210120389
3263,1020240075056
3264,1020230191895
3265,1020230140996
3266,1020230004614
3267,1020220176334
3268,1020200046686
3269,1020200164402
3270,1020240051981
3271,1020217038531
3272,1020257033807
3273,1020230012909
3274,1020210053229
3275,1020200125889
3276,1020240051966
3277,1020240117404
3278,1020220181797
3279,1020240037075
3280,1020210096407
3281,1020227027274
3282,1020220160814
3283,1020220124344
3284,1020217027146
3285,1020220129988
3286,1020200129145
3287,1020217030873
3288,1020247036149
3289,1020230169139
3290,1020230168019
3291,1020217040700
3292,1020190087731
3293,1020247000700
3294,1020207030907
3295,1020240029746
3296,1020237000988
3297,1020247029776
3298,1020237000906
3299,1020227013416
3300,1020230055092
3301,1020200184215
3302,1020230194609
3303,1020210078983
3304,1020200090550
3305,1020257032497
3306,1020240050534
3307,1020240050374
3308,1020250000610
3309,1020227005873
3310,1020230149780
3311,1020250018581
3312,1020240049766
3313,1020220171139
3314,1020220165289
3315,1020240050224
3316,1020227044272
3317,1020220148872
3318,1020240065073
3319,1020230063389
3320,1020257032407
3321,1020230195387
3322,1020257034425
3323,1020210100557
3324,1020257030169
3325,1020257024248
3326,1020220153315
3327,1020210097565
3328,1020210089229
3329,1020200069625
3330,1020217027604
3331,1020257032953
3332,1020237024023
3333,1020227009160
3334,1020220174991
3335,1020220174201
3336,1020230085536
3337,1020240116305
3338,1020240060775
3339,1020240067218
3340,1020237010659
3341,1020257032334
3342,1020230107945
3343,1020230185092
3344,1020200069602
3345,1020240054360
3346,1020257032967
3347,1020247018077
3348,1020247012827
3349,1020240001727
3350,1020250140336
3351,1020247014256
3352,1020240000036
3353,1020247018938
3354,1020240070448
3355,1020220119915
3356,1020227042198
3357,1020250051849
3358,1020230092162
3359,1020240069389
3360,1020240008309
3361,1020220131534
3362,1020220134779
3363,1020200053754
3364,1020247017851
3365,1020230188743
3366,1020200168721
3367,1020220140373
3368,1020240185936
3369,1020237039946
3370,1020247018248
3371,1020237003475
3372,1020210096606
3373,1020247037994
3374,1020210143732
3375,1020257025663
3376,1020220182790
3377,1020240054927
3378,1020240070026
3379,1020240037956
3380,1020257014418
3381,1020257017885
3382,1020257021092
3383,1020230193495
3384,1020200093297
3385,1020200082807
3386,1020250064734
3387,1020247017484
3388,1020210060126
3389,1020230192032
3390,1020220170855
3391,1020220046998
3392,1020230172954
3393,1020210051848
3394,1020220108352
3395,1020230016904
3396,1020200048045
3397,1020220021094
3398,1020220103833
3399,1020257012600
3400,1020210080973
3401,1020230164191
3402,1020230072830
3403,1020227038731
3404,1020230092339
3405,1020230069629
3406,1020240073836
3407,1020240041846
3408,1020210174229
3409,1020247039102
3410,1020227008626
3411,1020240024825
3412,1020237013545
3413,1020200100739
3414,1020230102455
3415,1020230172982
3416,1020220141068
3417,1020220110285
3418,1020220048075
3419,1020190134138
3420,1020227008623
3421,1020247029411
3422,1020240042141
3423,1020240044070
3424,1020220163471
3425,1020250126787
3426,1020250004217
3427,1020257026396
3428,1020257032088
3429,1020200184591
3430,1020240045417
3431,1020240044068
3432,1020240043638
3433,1020240042718
3434,1020237013866
3435,1020240131015
3436,1020240069862
3437,1020230092998
3438,1020247025744
3439,1020220078559
3440,1020240044972
3441,1020227016288
3442,1020240094084
3443,1020240069534
3444,1020210030966
3445,1020237014264
3446,1020220149285
3447,1020180164797
3448,1020230043394
3449,1020220130814
3450,1020210129354
3451,1020207027514
3452,1020240095293
3453,1020240083913
3454,1020217039153
3455,1020250143589
3456,1020240052089
3457,1020237024479
3458,1020217027149
3459,1020227031311
3460,1020257031132
3461,1020240041311
3462,1020257029567
3463,1020240040497
3464,1020240040317
3465,1020240123748
3466,1020240040196
3467,1020217017526
3468,1020250038514
3469,1020240050142
3470,1020210021629
3471,1020247015857
3472,1020170025399
3473,1020237011640
3474,1020247022242
3475,1020237013641
3476,1020200013747
3477,1020190171587
3478,1020210036938
3479,1020247010712
3480,1020240071604
3481,1020220049554
3482,1020210158624
3483,1020217016879
3484,1020240124600
3485,1020247016061
3486,1020220139380
3487,1020230092991
3488,1020220113590
3489,1020220098840
3490,1020220140931
3491,1020240131527
3492,1020237014319
3493,1020237014607
3494,1020220141257
3495,1020220131068
3496,1020220109267
3497,1020220143966
3498,1020247013915
3499,1020240010192
3500,1020230107944
3501,1020220139015
3502,1020220130825
3503,1020220146182
3504,1020220121152
3505,1020220114512
3506,1020220113744
3507,1020257030263
3508,1020227015023
3509,1020250002680
3510,1020250079221
3511,1020240070111
3512,1020200123560
3513,1020247041087
3514,1020257030738
3515,1020240039277
3516,1020240038778
3517,1020230100227
3518,1020257030994
3519,1020200055787
3520,1020240115642
3521,1020240008024
3522,1020237016325
3523,1020220060925
3524,1020247043343
3525,1020237013449
3526,1020240038283
3527,1020220096779
3528,1020227037303
3529,1020220120623
3530,1020200150903
3531,1020230196249
3532,1020237027050
3533,1020237014500
3534,1020230186530
3535,1020207036841
3536,1020257031648
3537,1020237004719
3538,1020190030001
3539,1020240091626
3540,1020240038306
3541,1020240038494
3542,1020237023924
3543,1020200045017
3544,1020240047745
3545,1020240038295
3546,1020220143594
3547,1020210041184
3548,1020170006317
3549,1020200173244
3550,1020240084613
3551,1020220054109
3552,1020200060622
3553,1020220119796
3554,1020240038040
3555,1020257030019
3556,1020227038311
3557,1020227003169
3558,1020190111911
3559,1020250018488
3560,1020240008927
3561,1020240037656
3562,1020220121029
3563,1020210072029
3564,1020257026504
3565,1020210028874
3566,1020230154413
3567,1020240037131
3568,1020257031099
3569,1020257030649
3570,1020240069789
3571,1020200123930
3572,1020240044069
3573,1020230188436
3574,1020190136211
3575,1020227045508
3576,1020237001124
3577,1020200125257
3578,1020240024382
3579,1020230159092
3580,1020220174295
3581,1020227043150
3582,1020210043559
3583,1020220184411
3584,1020240095747
3585,1020257030078
3586,1020217023767
3587,1020247002164
3588,1020247037085
3589,1020217017235
3590,1020247015772
3591,1020200075432
3592,1020257028801
3593,1020210004849
3594,1020240033887
3595,1020240035776
3596,1020237021488
3597,1020247038774
3598,1020230103444
3599,1020240035465
3600,1020217035804
3601,1020240035592
3602,1020240035522
3603,1020240027652
3604,1020217016452
3605,1020237008253
3606,1020230192893
3607,1020170020853
3608,1020257022840
3609,1020257018740
3610,1020257018480
3611,1020257013870
3612,1020257011460
3613,1020240033679
3614,1020257009960
3615,1020257023261
3616,1020257008150
3617,1020257021237
3618,1020220141239
3619,1020220139359
3620,1020257019021
3621,1020257004350
3622,1020257018221
3623,1020257025156
3624,1020257018517
3625,1020220110769
3626,1020257003680
3627,1020257017681
3628,1020257003570
3629,1020257003230
3630,1020257017087
3631,1020257016067
3632,1020257001300
3633,1020257015427
3634,1020257026588
3635,1020257019536
3636,1020257012471
3637,1020257011591
3638,1020257018486
3639,1020257012047
3640,1020257011617
3641,1020247041920
3642,1020257017276
3643,1020257021778
3644,1020257010011
3645,1020257008911
3646,1020257023524
3647,1020257007851
3648,1020257014156
3649,1020257025175
3650,1020257012846
3651,1020257005731
3652,1020247037060
3653,1020257012046
3654,1020257011936
3655,1020257020234
3656,1020257004001
3657,1020257010456
3658,1020257021765
3659,1020257027362
3660,1020257008196
3661,1020257007406
3662,1020257015574
3663,1020257011548
3664,1020257015254
3665,1020257000001
3666,1020257006516
3667,1020257014644
3668,1020257010128
3669,1020257013704
3670,1020247042791
3671,1020247042581
3672,1020257021592
3673,1020247043057
3674,1020257012044
3675,1020247042117
3676,1020257011634
3677,1020257002696
3678,1020257018992
3679,1020257010124
3680,1020257009984
3681,1020257012045
3682,1020257008904
3683,1020247025770
3684,1020247038541
3685,1020247038381
3686,1020257010455
3687,1020257003798
3688,1020257003568
3689,1020247037391
3690,1020257006634
3691,1020247034521
3692,1020247033621
3693,1020257012042
3694,1020257011072
3695,1020257010962
3696,1020257017733
3697,1020257017643
3698,1020247038466
3699,1020257004335
3700,1020247019000
3701,1020247041918
3702,1020247041398
3703,1020257002815
3704,1020257007882
3705,1020247028551
3706,1020257006742
3707,1020247029037
3708,1020247039248
3709,1020247028161
3710,1020247015540
3711,1020247038678
3712,1020257000005
3713,1020257012043
3714,1020257004872
3715,1020257011593
3716,1020247032606
3717,1020247032296
3718,1020257003892
3719,1020257003822
3720,1020257010453
3721,1020247042585
3722,1020247025587
3723,1020247038644
3724,1020257001932
3725,1020247041065
3726,1020257008653
3727,1020257008593
3728,1020247011100
3729,1020247010340
3730,1020247037434
3731,1020247037224
3732,1020247039425
3733,1020247038595
3734,1020247036014
3735,1020247027276
3736,1020247035034
3737,1020247007440
3738,1020247037055
3739,1020247036705
3740,1020247025226
3741,1020257003443
3742,1020247005710
3743,1020247018977
3744,1020247017481
3745,1020247017407
3746,1020247022566
3747,1020247002810
3748,1020247015711
3749,1020247038382
3750,1020247032325
3751,1020237026629
3752,1020247013447
3753,1020247023438
3754,1020247041893
3755,1020240129990
3756,1020247012617
3757,1020247011741
3758,1020247033842
3759,1020247011737
3760,1020247011097
3761,1020247021388
3762,1020247027275
3763,1020247039683
3764,1020247026985
3765,1020247023774
3766,1020247015406
3767,1020247023454
3768,1020247025685
3769,1020247025065
3770,1020247007761
3771,1020247036643
3772,1020200158039
3773,1020247007137
3774,1020247022255
3775,1020247010806
3776,1020247027272
3777,1020247004111
3778,1020247005057
3779,1020247033843
3780,1020247033353
3781,1020247033293
3782,1020247020295
3783,1020247020215
3784,1020247025162
3785,1020247018095
3786,1020247016755
3787,1020240171647
3788,1020240136427
3789,1020247027083
3790,1020237036970
3791,1020247011984
3792,1020240051461
3793,1020247011184
3794,1020240068737
3795,1020247025653
3796,1020240059377
3797,1020247007118
3798,1020247010804
3799,1020247010534
3800,1020237035050
3801,1020247009664
3802,1020240034071
3803,1020247017332
3804,1020247011375
3805,1020247010805
3806,1020240008311
3807,1020237043711
3808,1020237044857
3809,1020247004484
3810,1020247004134
3811,1020247004104
3812,1020247003644
3813,1020247005685
3814,1020247003214
3815,1020240168158
3816,1020247010932
3817,1020237042707
3818,1020237040667
3819,1020247000594
3820,1020240154104
3821,1020237043526
3822,1020240034098
3823,1020240033198
3824,1020237036957
3825,1020237036887
3826,1020240154105
3827,1020240127475
3828,1020240124245
3829,1020237040906
3830,1020247010803
3831,1020237035047
3832,1020247003082
3833,1020240034834
3834,1020247009413
3835,1020237043588
3836,1020247001862
3837,1020237033487
3838,1020237033467
3839,1020237038106
3840,1020240031355
3841,1020240075802
3842,1020237038708
3843,1020237038568
3844,1020237026021
3845,1020237025961
3846,1020237025771
3847,1020237025391
3848,1020237012350
3849,1020237036648
3850,1020247001863
3851,1020237024671
3852,1020240025172
3853,1020237025737
3854,1020247000403
3855,1020237029396
3856,1020237028466
3857,1020237023277
3858,1020237043822
3859,1020237025986
3860,1020237041602
3861,1020237030028
3862,1020237018421
3863,1020237035935
3864,1020237005220
3865,1020237032904
3866,1020240034253
3867,1020237032604
3868,1020237032394
3869,1020237003460
3870,1020237002830
3871,1020237033025
3872,1020237015181
3873,1020237014721
3874,1020237025958
3875,1020237014711
3876,1020237025288
3877,1020237031685
3878,1020237043463
3879,1020237014767
3880,1020237027954
3881,1020237023808
3882,1020237013627
3883,1020230169830
3884,1020237026154
3885,1020237012597
3886,1020237016876
3887,1020237024664
3888,1020237009321
3889,1020237027035
3890,1020237024184
3891,1020237026445
3892,1020237031002
3893,1020237010317
3894,1020237026005
3895,1020237038053
3896,1020237024665
3897,1020237036343
3898,1020237023825
3899,1020237012306
3900,1020237019784
3901,1020230057560
3902,1020237005997
3903,1020237003411
3904,1020237009546
3905,1020237024822
3906,1020237024672
3907,1020237003737
3908,1020237008346
3909,1020237024082
3910,1020237031483
3911,1020237031203
3912,1020237014814
3913,1020237010528
3914,1020227045730
3915,1020237021402
3916,1020237005466
3917,1020230169181
3918,1020237012454
3919,1020237027243
3920,1020237011904
3921,1020237026763
3922,1020237014045
3923,1020237002836
3924,1020237006378
3925,1020230150867
3926,1020237001756
3927,1020237005408
3928,1020227040000
3929,1020230197556
3930,1020230083851
3931,1020227039350
3932,1020237010205
3933,1020237014742
3934,1020237002858
3935,1020237006424
3936,1020227037850
3937,1020230055721
3938,1020230125756
3939,1020237005955
3940,1020237002854
3941,1020237002804
3942,1020237005045
3943,1020227030630
3944,1020227042361
3945,1020230128014
3946,1020230054148
3947,1020237009913
3948,1020237009613
3949,1020227040707
3950,1020227038251
3951,1020227025220
3952,1020227023740
3953,1020230084205
3954,1020237005723
3955,1020237005233
3956,1020230030614
3957,1020227035057
3958,1020230133502
3959,1020227019710
3960,1020227041698
3961,1020230104272
3962,1020227018200
3963,1020227030771
3964,1020227030631
3965,1020227039808
3966,1020227030587
3967,1020227030077
3968,1020227037818
3969,1020227042264
3970,1020227027707
3971,1020227027437
3972,1020227041435
3973,1020227039814
3974,1020227038535
3975,1020227007520
3976,1020227041472
3977,1020227034104
3978,1020227029078
3979,1020227033955
3980,1020227023226
3981,1020227016291
3982,1020227031974
3983,1020227044773
3984,1020227016277
3985,1020227024388
3986,1020227011951
3987,1020227013367
3988,1020227012427
3989,1020227012337
3990,1020227016306
3991,1020227025565
3992,1020227013546
3993,1020227037923
3994,1020220050809
3995,1020227012356
3996,1020217043179
3997,1020227016308
3998,1020227027392
3999,1020227004757
4000,1020227009496
4001,1020227004217
4002,1020227012998
4003,1020227002997
4004,1020227010598
4005,1020220153991
4006,1020227024573
4007,1020220107397
4008,1020227004764
4009,1020227004214
4010,1020220039561
4011,1020227009512
4012,1020220024011
4013,1020227009072
4014,1020227002115
4015,1020227007582
4016,1020227007512
4017,1020227000495
4018,1020217041941
4019,1020227004752
4020,1020217025760
4021,1020227012803
4022,1020220028996
4023,1020220126614
4024,1020227008993
4025,1020227008883
4026,1020227007863
4027,1020220125342
4028,1020227001953
4029,1020220098992
4030,1020217027461
4031,1020220084682
4032,1020220001145
4033,1020217026917
4034,1020217041934
4035,1020217041455
4036,1020217039454
4037,1020217035625
4038,1020217040122
4039,1020217014711
4040,1020210161800
4041,1020217012311
4042,1020217027514
4043,1020210100190
4044,1020217038293
4045,1020217026952
4046,1020217019305
4047,1020217028723
4048,1020217027963
4049,1020217017343
4050,1020217012173
4051,1020207025166
4052,1020220052219
4053,1020200149160
4054,1020207033053
4055,1020200122827
4056,1020190171990
4057,1020237036969
4058,1020190161441
4059,1020220079709
4060,1020240188119
4061,1020240054359
4062,1020257028729
4063,1020257025389
4064,1020257024939
4065,1020257019639
4066,1020257018079
4067,1020257017089
4068,1020257015909
4069,1020257011619
4070,1020257011349
4071,1020257010889
4072,1020257009049
4073,1020257008609
4074,1020257003349
4075,1020247043549
4076,1020247039459
4077,1020247039189
4078,1020247038569
4079,1020247038249
4080,1020247037019
4081,1020247035409
4082,1020247032799
4083,1020247030539
4084,1020247029379
4085,1020247028829
4086,1020247027859
4087,1020247025069
4088,1020247013239
4089,1020247012979
4090,1020247010029
4091,1020247008849
4092,1020247001119
4093,1020237038979
4094,1020237038319
4095,1020237037209
4096,1020237024109
4097,1020237016269
4098,1020237014519
4099,1020237013159
4100,1020237009839
4101,1020237008739
4102,1020237006269
4103,1020237001059
4104,1020237000089
4105,1020230118159
4106,1020230068739
4107,1020227030559
4108,1020227029079
4109,1020227022699
4110,1020227008439
4111,1020217031609
4112,1020217030129
4113,1020210108189
4114,1020210019140
4115,1020210010851
4116,1020247000487
4117,1020230189201
4118,1020220190431
4119,1020200029016
4120,1020230153372
4121,1020200022964
4122,1020240052959
4123,1020200047433
4124,1020220161118
4125,1020230061539
4126,1020220000291
4127,1020240065124
4128,1020240120522
4129,1020240032840
4130,1020220039654
4131,1020250123549
4132,1020250122901
4133,1020240032757
4134,1020240032835
4135,1020240031755
4136,1020230125365
4137,1020240032834
4138,1020240033442
4139,1020240033382
4140,1020230138494
4141,1020230045602
4142,1020240162863
4143,1020240127671
4144,1020230169831
4145,1020230093881
4146,1020230093896
4147,1020230158378
4148,1020240071945
4149,1020230110825
4150,1020230093902
4151,1020200029150
4152,1020240156527
4153,1020230172589
4154,1020200083528
4155,1020240050366
4156,1020210102965
4157,1020230050540
4158,1020230183577
4159,1020240030921
4160,1020240030698
4161,1020240120735
4162,1020230106935
4163,1020190075608
4164,1020190000938
4165,1020220126963
4166,1020250005048
4167,1020220010207
4168,1020210053759
4169,1020190075606
4170,1020230128992
4171,1020210079965
4172,1020200147732
4173,1020210114346
4174,1020240014459
4175,1020230063739
4176,1020220053779
4177,1020257028788
4178,1020220175211
4179,1020210119858
4180,1020190176645
4181,1020230133344
4182,1020170009635
4183,1020190008362
4184,1020200016633
4185,1020230138230
4186,1020240117516
4187,1020210155017
4188,1020190095777
4189,1020240030053
4190,1020240160050
4191,1020210124909
4192,1020240069857
4193,1020240029897
4194,1020240082848
4195,1020200039616
4196,1020250023032
4197,1020220015535
4198,1020200089028
4199,1020240029160
4200,1020240155179
4201,1020240028831
4202,1020240029176
4203,1020240028478
4204,1020200042829
4205,1020230028488
4206,1020250026222
4207,1020250021402
4208,1020220145275
4209,1020190156146
4210,1020240028474
4211,1020220133444
4212,1020190099452
4213,1020230110201
4214,1020240135197
4215,1020237025845
4216,1020220110328
4217,1020160163389
4218,1020230014164
4219,1020190170363
4220,1020170003134
4221,1020220127689
4222,1020230109488
4223,1020210038136
4224,1020220107092
4225,1020220093662
4226,1020210056872
4227,1020190145874
4228,1020240123020
4229,1020240055530
4230,1020257027937
4231,1020250117091
4232,1020250022232
4233,1020240025835
4234,1020220113329
4235,1020230082385
4236,1020210026819
4237,1020220108551
4238,1020220116728
4239,1020220102988
4240,1020210137386
4241,1020220122854
4242,1020220001624
4243,1020220100733
4244,1020240049800
4245,1020257017550
4246,1020230112892
4247,1020230098023
4248,1020240054370
4249,1020230189031
4250,1020230177867
4251,1020230123448
4252,1020220074056
4253,1020220015081
4254,1020200177191
4255,1020240011529
4256,1020210064210
4257,1020240016887
4258,1020210174187
4259,1020220057472
4260,1020237032093
4261,1020217029123
4262,1020220162471
4263,1020240023461
4264,1020257026928
4265,1020257005745
4266,1020210058829
4267,1020240023236
4268,1020220114205
4269,1020240021054
4270,1020200172968
4271,1020210040502
4272,1020200026506
4273,1020220102533
4274,1020210061753
4275,1020200008283
4276,1020240022459
4277,1020237034099
4278,1020200038390
4279,1020240138558
4280,1020240022968
4281,1020210054339
4282,1020200177319
4283,1020230167618
4284,1020230163212
4285,1020210012611
4286,1020210012091
4287,1020230029655
4288,1020220046172
4289,1020240200243
4290,1020230165413
4291,1020230127983
4292,1020230025053
4293,1020230139181
4294,1020220096360
4295,1020220154521
4296,1020220170736
4297,1020200062539
4298,1020207022128
4299,1020200127073
4300,1020240021370
4301,1020230185291
4302,1020240145128
4303,1020240015072
4304,1020210025917
4305,1020240012496
4306,1020240118984
4307,1020230026634
4308,1020200011108
4309,1020230155063
4310,1020200055686
4311,1020247032957
4312,1020230093061
4313,1020230093039
4314,1020220047347
4315,1020230073352
4316,1020240040554
4317,1020240020524
4318,1020200159710
4319,1020257017148
4320,1020200097667
4321,1020230189340
4322,1020220064831
4323,1020220038721
4324,1020240019388
4325,1020240019394
4326,1020190154750
4327,1020230175866
4328,1020230075679
4329,1020210103103
4330,1020240163824
4331,1020200010402
4332,1020190093392
4333,1020230139670
4334,1020220187290
4335,1020220110010
4336,1020210123270
4337,1020220100151
4338,1020230176109
4339,1020230176108
4340,1020220152312
4341,1020230176106
4342,1020240017254
4343,1020220095028
4344,1020220016968
4345,1020200167574
4346,1020220183163
4347,1020240017129
4348,1020170015140
4349,1020240017105
4350,1020240017568
4351,1020240148154
4352,1020240017133
4353,1020230092570
4354,1020200105200
4355,1020190031198
4356,1020240016507
4357,1020240015695
4358,1020240016308
4359,1020240016306
4360,1020230117121
4361,1020210034677
4362,1020257022846
4363,1020190176748
4364,1020250011550
4365,1020240014620
4366,1020240013841
4367,1020230128991
4368,1020247014236
4369,1020190071041
4370,1020230004639
4371,1020257024630
4372,1020230072090
4373,1020200100660
4374,1020200022920
4375,1020250011649
4376,1020230163267
4377,1020240014329
4378,1020240013939
4379,1020230132615
4380,1020220186862
4381,1020240036316
4382,1020230167316
4383,1020240037264
4384,1020240011348
4385,1020240011554
4386,1020220101366
4387,1020220122590
4388,1020220100087
4389,1020230116416
4390,1020230173282
4391,1020230154414
4392,1020190092062
4393,1020220055724
4394,1020200091148
4395,1020220094851
4396,1020220127372
4397,1020220091896
4398,1020220093214
4399,1020240011291
4400,1020240011595
4401,1020220103193
4402,1020220085783
4403,1020240109274
4404,1020257023900
4405,1020230015971
4406,1020200147571
4407,1020230090089
4408,1020230149926
4409,1020240011044
4410,1020190081524
4411,1020240010401
4412,1020240009431
4413,1020240165079
4414,1020230196635
4415,1020240010379
4416,1020230036082
4417,1020240009274
4418,1020240165043
4419,1020210006899
4420,1020190062119
4421,1020200022858
4422,1020257024492
4423,1020240009783
4424,1020230084753
4425,1020240197011
4426,1020240022891
4427,1020240061820
4428,1020240008827
4429,1020240007362
4430,1020250007166
4431,1020240061819
4432,1020240046554
4433,1020230112468
4434,1020210097727
4435,1020200063921
4436,1020210097719
4437,1020250007053
4438,1020200065033
4439,1020210125099
4440,1020230110212
4441,1020220073520
4442,1020247015054
4443,1020200119556
4444,1020220175454
4445,1020250020841
4446,1020230017242
4447,1020230148720
4448,1020230091390
4449,1020230192634
4450,1020230109124
4451,1020210105437
4452,1020210001060
4453,1020230037873
4454,1020210109249
4455,1020200076124
4456,1020220186622
4457,1020230111054
4458,1020240022905
4459,1020220112127
4460,1020230111055
4461,1020230052185
4462,1020250092663
4463,1020230111053
4464,1020257022794
4465,1020240005474
4466,1020230037251
4467,1020240137586
4468,1020220154077
4469,1020230083975
4470,1020190165531
4471,1020220092608
4472,1020210142025
4473,1020240001057
4474,1020200090213
4475,1020250090107
4476,1020240005074
4477,1020220117175
4478,1020240091956
4479,1020200026753
4480,1020230157343
4481,1020240150854
4482,1020257023050
4483,1020257019170
4484,1020240003582
4485,1020240003806
4486,1020220075221
4487,1020220079070
4488,1020220073040
4489,1020240003353
4490,1020220066916
4491,1020220093499
4492,1020220091093
4493,1020257022354
4494,1020230161184
4495,1020230057484
4496,1020200102891
4497,1020250089379
4498,1020240003119
4499,1020210193345
4500,1020240033202
4501,1020240001872
4502,1020200067864
4503,1020190063414
4504,1020240065470
4505,1020240035193
4506,1020240001356
4507,1020257003112
4508,1020230161352
4509,1020240111848
4510,1020230184660
4511,1020230071240
4512,1020190163982
4513,1020210106897
4514,1020230197961
4515,1020240136134
4516,1020230194744
4517,1020230169374
4518,1020250064779
4519,1020230196766
4520,1020230196913
4521,1020230193937
4522,1020240135280
4523,1020230193799
4524,1020230195408
4525,1020240094733
4526,1020240179353
4527,1020220039875
4528,1020220020395
4529,1020230189372
4530,1020230149881
4531,1020257021159
4532,1020240175240
4533,1020230190517
4534,1020240038919
4535,1020230189490
4536,1020230189796
4537,1020230189489
4538,1020230190335
4539,1020230190185
4540,1020230189878
4541,1020230189488
4542,1020170022529
4543,1020230188012
4544,1020230188814
4545,1020230074051
4546,1020230188576
4547,1020230097977
4548,1020230080427
4549,1020247013293
4550,1020230107395
4551,1020220147260
4552,1020230188013
4553,1020200183202
4554,1020220030508
4555,1020200166908
4556,1020190050843
4557,1020230187191
4558,1020220165704
4559,1020240068825
4560,1020230187763
4561,1020170013954
4562,1020230186432
4563,1020230185968
4564,1020180167584
4565,1020230182527
4566,1020230140420
4567,1020200157077
4568,1020240185194
4569,1020240055242
4570,1020240011434
4571,1020230179442
4572,1020230192320
4573,1020230179860
4574,1020230179399
4575,1020230179533
4576,1020230178043
4577,1020230119250
4578,1020250074094
4579,1020230176771
4580,1020250074095
4581,1020230178920
4582,1020240097709
4583,1020240177762
4584,1020240176792
4585,1020240032292
4586,1020240177754
4587,1020240177637
4588,1020230177804
4589,1020230089457
4590,1020240177731
4591,1020220142244
4592,1020240174475
4593,1020240032295
4594,1020240177720
4595,1020190112127
4596,1020190004957
4597,1020240177739
4598,1020240177729
4599,1020240176779
4600,1020240109848
4601,1020190104320
4602,1020220082745
4603,1020230018594
4604,1020240175232
4605,1020250061151
4606,1020230100562
4607,1020230031122
4608,1020220177637
4609,1020257018329
4610,1020230174200
4611,1020230173720
4612,1020220141278
4613,1020230173443
4614,1020257017017
4615,1020230152812
4616,1020230152811
4617,1020200118777
4618,1020210034061
4619,1020240024592
4620,1020240024591
4621,1020220058593
4622,1020230167834
4623,1020210069113
4624,1020230167465
4625,1020230169769
4626,1020230170178
4627,1020220165210
4628,1020220126591
4629,1020220062337
4630,1020210010747
4631,1020240051311
4632,1020230164091
4633,1020257016556
4634,1020240159916
4635,1020230163784
4636,1020230163616
4637,1020240156917
4638,1020250062855
4639,1020230163803
4640,1020230099306
4641,1020240014370
4642,1020230181892
4643,1020257016368
4644,1020240166638
4645,1020240156918
4646,1020240154503
4647,1020240014333
4648,1020230160036
4649,1020210140485
4650,1020230160390
4651,1020230160150
4652,1020200107349
4653,1020250027612
4654,1020240058615
4655,1020230159194
4656,1020220090605
4657,1020200063363
4658,1020190171916
4659,1020257015301
4660,1020230156338
4661,1020230094272
4662,1020240164507
4663,1020190019847
4664,1020200131456
4665,1020240114959
4666,1020210093143
4667,1020257011842
4668,1020230154049
4669,1020230153994
4670,1020210058338
4671,1020210004818
4672,1020230153057
4673,1020250055585
4674,1020230153104
4675,1020230132054
4676,1020230152848
4677,1020250044745
4678,1020220053807
4679,1020230151626
4680,1020230150946
4681,1020230145937
4682,1020230146690
4683,1020230103531
4684,1020220129904
4685,1020190028271
4686,1020230145423
4687,1020230026546
4688,1020230128049
4689,1020230147118
4690,1020257013745
4691,1020257012851
4692,1020230159461
4693,1020230146464
4694,1020230149101
4695,1020257014138
4696,1020230145630
4697,1020250049929
4698,1020230143581
4699,1020220029464
4700,1020200055624
4701,1020240100878
4702,1020220110177
4703,1020220063661
4704,1020230142660
4705,1020230142811
4706,1020230142541
4707,1020240028103
4708,1020230141978
4709,1020220071733
4710,1020220086981
4711,1020240133838
4712,1020210119900
4713,1020230127829
4714,1020230140222
4715,1020230138922
4716,1020240059254
4717,1020240178201
4718,1020250027503
4719,1020240178200
4720,1020240137588
4721,1020240137589
4722,1020240059253
4723,1020230139647
4724,1020240126890
4725,1020230139806
4726,1020230139646
4727,1020250045904
4728,1020230136335
4729,1020240139108
4730,1020230135527
4731,1020240139086
4732,1020240138609
4733,1020230135998
4734,1020240138583
4735,1020220024978
4736,1020210128346
4737,1020210027196
4738,1020230166914
4739,1020250043919
4740,1020230133127
4741,1020250045066
4742,1020247008649
4743,1020230133112
4744,1020230131357
4745,1020230133015
4746,1020230133016
4747,1020230133709
4748,1020240025330
4749,1020230131358
4750,1020230132233
4751,1020230104020
4752,1020230130057
4753,1020230031882
4754,1020230128517
4755,1020200185208
4756,1020230131065
4757,1020230131129
4758,1020230130959
4759,1020230128518
4760,1020210101752
4761,1020247041816
4762,1020240170188
4763,1020220031013
4764,1020230102249
4765,1020220039489
4766,1020230101921
4767,1020230103705
4768,1020230102917
4769,1020240097743
4770,1020220033419
4771,1020220032679
4772,1020257009107
4773,1020230127425
4774,1020250031317
4775,1020230125404
4776,1020230125405
4777,1020230126618
4778,1020250006537
4779,1020230003332
4780,1020230124567
4781,1020230124421
4782,1020240025665
4783,1020230125016
4784,1020240046742
4785,1020230135446
4786,1020240076441
4787,1020230122644
4788,1020230122645
4789,1020257008049
4790,1020250020909
4791,1020250019280
4792,1020230122646
4793,1020230122077
4794,1020230121837
4795,1020230140693
4796,1020230122066
4797,1020240030935
4798,1020230130855
4799,1020240000488
4800,1020240015793
4801,1020257007924
4802,1020240101846
4803,1020257006875
4804,1020230118708
4805,1020230119113
4806,1020240142680
4807,1020230118101
4808,1020250027238
4809,1020230118160
4810,1020210159569
4811,1020220014394
4812,1020230132659
4813,1020257001367
4814,1020257006902
4815,1020200097197
4816,1020200040627
4817,1020247035884
4818,1020230079384
4819,1020250027981
4820,1020247028601
4821,1020250013148
4822,1020200028360
4823,1020230116494
4824,1020240117221
4825,1020200032233
4826,1020230131491
4827,1020210079281
4828,1020240117043
4829,1020230099582
4830,1020230111711
4831,1020220022252
4832,1020220024557
4833,1020220019787
4834,1020230111114
4835,1020220041365
4836,1020230061358
4837,1020230111999
4838,1020230112000
4839,1020220021654
4840,1020230110589
4841,1020230112001
4842,1020230110340
4843,1020220179159
4844,1020220027629
4845,1020220025159
4846,1020230110137
4847,1020220149722
4848,1020230110133
4849,1020210044465
4850,1020220019636
4851,1020210031640
4852,1020230020692
4853,1020210128247
4854,1020210101022
4855,1020200110577
4856,1020240003964
4857,1020240003965
4858,1020240003966
4859,1020247043060
4860,1020240003969
4861,1020240003968
4862,1020220003454
4863,1020210027195
4864,1020200133494
4865,1020230130138
4866,1020230152870
4867,1020210117196
4868,1020220014130
4869,1020210080371
4870,1020240109490
4871,1020240097793
4872,1020257003946
4873,1020257000527
4874,1020240107096
4875,1020230106724
4876,1020240107105
4877,1020250017190
4878,1020257003039
4879,1020250009549
4880,1020220145682
4881,1020230104359
4882,1020230104647
4883,1020230170845
4884,1020230103125
4885,1020230119193
4886,1020230103873
4887,1020240039071
4888,1020257003724
4889,1020230101012
4890,1020230099492
4891,1020230102454
4892,1020230101014
4893,1020257002288
4894,1020230099457
4895,1020230101025
4896,1020220188893
4897,1020230101013
4898,1020210182173
4899,1020220033605
4900,1020230139012
4901,1020257002107
4902,1020240078585
4903,1020230098944
4904,1020230113936
4905,1020230098965
4906,1020230095487
4907,1020230194350
4908,1020210115934
4909,1020210064215
4910,1020230129601
4911,1020230105731
4912,1020230103061
4913,1020230095748
4914,1020230073525
4915,1020230124613
4916,1020220010736
4917,1020220003621
4918,1020220000561
4919,1020220019883
4920,1020230092785
4921,1020220060318
4922,1020257000412
4923,1020230089482
4924,1020240200525
4925,1020240045829
4926,1020230090907
4927,1020230089489
4928,1020230089494
4929,1020230088794
4930,1020257000291
4931,1020230089378
4932,1020230179661
4933,1020230088219
4934,1020240167500
4935,1020247040470
4936,1020247042538
4937,1020247040972
4938,1020247042106
4939,1020247041656
4940,1020230099497
4941,1020230107906
4942,1020240058033
4943,1020210081663
4944,1020230118001
4945,1020220000688
4946,1020240083488
4947,1020230010063
4948,1020230080331
4949,1020230104328
4950,1020230080633
4951,1020210083058
4952,1020230076305
4953,1020247039501
4954,1020200052110
4955,1020230075595
4956,1020230147987
4957,1020230075926
4958,1020247034014
4959,1020230075070
4960,1020247005308
4961,1020230074382
4962,1020230073260
4963,1020230072554
4964,1020230072478
4965,1020230099054
4966,1020230106505
4967,1020230071667
4968,1020230114261
4969,1020230170030
4970,1020240171105
4971,1020230067252
4972,1020230067734
4973,1020230068196
4974,1020230066657
4975,1020210149924
4976,1020210167629
4977,1020230065837
4978,1020210184280
4979,1020210149020
4980,1020240166057
4981,1020240054784
4982,1020240054785
4983,1020240065469
4984,1020230062438
4985,1020230061735
4986,1020230060738
4987,1020230060590
4988,1020230058957
4989,1020210169752
4990,1020210169712
4991,1020230193754
4992,1020210141251
4993,1020230058514
4994,1020210184153
4995,1020210134470
4996,1020230058071
4997,1020230057245
4998,1020240144602
4999,1020230056462
5000,1020230181976
5001,1020240054928
5002,1020230054973
5003,1020230181975
5004,1020230081625
5005,1020230051728
5006,1020200141365
5007,1020230081624
5008,1020230052050
5009,1020220154621
5010,1020230049877
5011,1020230051046
5012,1020230050858
5013,1020230048690
5014,1020230047387
5015,1020230047195
5016,1020230040865
5017,1020230041114
5018,1020230045253
5019,1020230043278
5020,1020230046550
5021,1020230040327
5022,1020230039987
5023,1020210159266
5024,1020240028062
5025,1020230038442
5026,1020230034572
5027,1020230033599
5028,1020230042253
5029,1020230039273
5030,1020230035263
5031,1020230030210
5032,1020210141142
5033,1020237024941
5034,1020210148574
5035,1020210110467
5036,1020210137861
5037,1020210133651
5038,1020210134093
5039,1020210108958
5040,1020230028862
5041,1020247029838
5042,1020230039850
5043,1020210122643
5044,1020200116907
5045,1020200094998
5046,1020230026054
5047,1020230026517
5048,1020230025741
5049,1020230027146
5050,1020230026518
5051,1020200188112
5052,1020200133467
5053,1020230024691
5054,1020210028321
5055,1020200146306
5056,1020240024616
5057,1020230022455
5058,1020230021674
5059,1020230021006
5060,1020230017257
5061,1020240018466
5062,1020230041898
5063,1020230018428
5064,1020230013882
5065,1020230012915
5066,1020240016977
5067,1020230013654
5068,1020230012384
5069,1020200092089
5070,1020210012644
5071,1020210100800
5072,1020200133183
5073,1020230179024
5074,1020230011800
5075,1020240006164
5076,1020230008424
5077,1020230007241
5078,1020210016257
5079,1020240093278
5080,1020230008323
5081,1020210096209
5082,1020230004465
5083,1020230014839
5084,1020230003432
5085,1020230153939
5086,1020230195517
5087,1020230003665
5088,1020230001487
5089,1020230001327
5090,1020220186915
5091,1020220190941
5092,1020220183211
5093,1020230003460
5094,1020210075022
5095,1020220185020
5096,1020220189038
5097,1020220185933
5098,1020210105597
5099,1020220174055
5100,1020220179739
5101,1020220175074
5102,1020220173797
5103,1020220172471
5104,1020220174218
5105,1020220175416
5106,1020220177770
5107,1020220176710
5108,1020220169575
5109,1020220184744
5110,1020230172453
5111,1020230153283
5112,1020220170410
5113,1020220168040
5114,1020220163126
5115,1020210084593
5116,1020220138676
5117,1020220157497
5118,1020220157057
5119,1020220174100
5120,1020247015160
5121,1020210110497
5122,1020220150836
5123,1020230149597
5124,1020220141252
5125,1020240054371
5126,1020240054348
5127,1020220139098
5128,1020220140796
5129,1020240049484
5130,1020230119684
5131,1020220132636
5132,1020230134041
5133,1020230119661
5134,1020200131125
5135,1020200053287
5136,1020230065819
5137,1020220156686
5138,1020210027689
5139,1020210019242
5140,1020230029527
5141,1020230004340
5142,1020200189713
5143,1020237044295
5144,1020210014988
5145,1020230078414
5146,1020200114552
5147,1020230076402
5148,1020200098044
5149,1020230020369
5150,1020200164821
5151,1020200153075
5152,1020210000983
5153,1020230036018
5154,1020230028775
5155,1020230028771
5156,1020230028770
5157,1020200054741
5158,1020220163872
5159,1020220161871
